:020000040800F2
:1000000018090020A90100081B390008952D0008D7
:100010001939000895150008D53F000800000000B8
:100020000000000000000000000000009B3A0008F3
:10003000A9160008000000008D3A0008C93A00081F
:10004000C3010008C3010008C3010008C301000880
:10005000C3010008C3010008C3010008C301000870
:10006000AB160008C3010008C3010008C301000863
:10007000C3010008C3010008C3010008C301000850
:10008000C3010008C3010008C3010008C301000840
:10009000C3010008C3010008C3010008B11600082D
:1000A000C3010008C3010008C3010008C301000820
:1000B000C3010008C3010008C3010008C301000810
:1000C000C3010008C3010008C3010008C301000800
:1000D000C3010008C3010008C3010008753F000800
:1000E000C3010008C3010008C301000800F002F8C2
:1000F00000F04AF80AA090E8000C82448344AAF178
:100100000107DA4501D100F03FF8AFF2090EBAE875
:100110000F0013F0010F18BFFB1A43F0010318473B
:10012000EC8F00000C900000103A24BF78C878C112
:10013000FAD8520724BF30C830C144BF04680C60ED
:10014000704700000023002400250026103A28BF35
:1001500078C1FBD8520728BF30C148BF0B60704739
:10016000662907F05283642900F0768000207047EA
:100170001FB500F0BDFC04000020002106F0B6FA17
:10018000E0601FBD10B510BD00F0B6FD1146FFF7D1
:10019000EFFF05F06DFA00F0D4FD03B4FFF7F2FFB6
:1001A00003BC00F017FE00000948804709480047DB
:1001B000FEE7FEE7FEE7FEE7FEE7FEE7FEE7FEE717
:1001C000FEE7FEE704480549054A064B7047000074
:1001D0002B3B0008ED000008180300201809002040
:1001E000180500201805002010B54C1084EA5304AF
:1001F00004D54042C1F1000138BF491E1B4204D55D
:100200005242C3F1000338BF5B1E00F046F914F000
:10021000804F04D04042C1F1000138BF491E14F0A4
:10022000004F04D05242C3F1000338BF5B1E10BD23
:100230000FB41CB5074B06AA7B446946009005988D
:1002400000F01BFC0020694600F02AFC1CBC5DF895
:1002500014FB0000650800002DE9F041064600246B
:1002600010687529314616A510D0AFF3008000281C
:1002700002DA404213A507E031688A0701D512A5CA
:1002800002E0490704D511A5012401E0AFF3008085
:1002900000210A2206F1240709E0B0FBF2FCB0FBC2
:1002A000F2F302FB1C00303078541846491C002839
:1002B000F3D123462A463046BDE8F04100F06FB93D
:1002C000000000002D0000002B00000020000000B6
:1002D0002DE9F0474FF0000A89460446C0F820A0F7
:1002E0002046E1688847002876D0252806D0D4E942
:1002F00001219047206A401C2062F1E7E168204616
:1003000000258847C4F81CA006460027C4F818A09A
:100310002A2E09D0304603F01FFF38B304EB8708BC
:10032000303EC8F8186019E059F8041B204604EB69
:1003300087029161E1688847012F064618D1E0697C
:10034000002820DA25F020051DE0D8F8180000EB81
:10035000800006EB40003038C8F818002046E168FD
:100360008847064603F0F8FE0028EED1012F0AD098
:100370002E2E08D12046E16888477F1C0646022FB2
:1003800045F02005C4DBA069002803DA404245F0AF
:100390000105A061E80701D025F01005B6B1A6F16E
:1003A0004100192802D8203645F400654A463146F6
:1003B000204625604D46FFF7D3FE58B1012806D0F0
:1003C000ED1D25F0070000F1080989E704E005F1BB
:1003D000040985E730468AE7206ABDE8F08740EAED
:1003E000010310B59B070FD1042A0DD310C808C90B
:1003F000121F9C42F8D020BA19BA884201D90120B4
:1004000010BD4FF0FF3010BD1AB1D30703D0521CFE
:1004100007E0002010BD10F8013B11F8014B1B1B39
:1004200007D110F8013B11F8014B1B1B01D1921EA3
:10043000F1D1184610BD02F0FF0343EA032242EA5D
:10044000024200F034BB4FF0000200B51346944660
:100450009646203922BFA0E80C50A0E80C50B1F11C
:100460002001BFF4F7AF090728BFA0E80C5048BF30
:100470000CC05DF804EB890028BF40F8042B08BFCE
:10048000704748BF20F8022B11F0804F18BF00F8CA
:10049000012B704770477047704753EA020C00F019
:1004A00069802DE9F04B4FF00006002B1FBFB3FA17
:1004B00083F503FA05F424FA05F65E4012BF1643ED
:1004C000B2FA82F502FA05F4C5F120051EBF22FA40
:1004D00005FC44EA0C04203556EA044C4FEA144467
:1004E00018BF641C4FF000084FF00009904271EBF8
:1004F000030C39D3002919BFB1FA81F701FA07F6C5
:10050000B0FA80F700FA07F6C7F120071EBF20FAFD
:1005100007FC46EA0C062037B6FBF4FCA7EB050700
:10052000103F07F01F0BCBF120060CFA0BFB2CFA47
:1005300006F644BFB3460026202FA4BF5E464FF008
:10054000000B5BEA060C08BF4FF0010B19EB0B091F
:10055000ABFB027C48EB0608C01B06FB02CC0BFB86
:1005600003CC71EB0C01C1E70B46024641464846FD
:10057000BDE8F08B13B54FF000004FF00001AFF372
:100580000080BDE81C40704710B500F0B5FA006867
:1005900010BD10B5044600F0AFFA046010BD2DE99F
:1005A000F0470D4699469246044600F1240801683A
:1005B000880604D5E06921F01001216000E00120E7
:1005C000A84201DD471B00E00027A1697A1902EB70
:1005D0000900081AA0612078C00602D42046AFF3B3
:1005E0000080002608E0D4E901211AF806009047AF
:1005F000206A401C761C20624E45F4DB2078C00641
:100600000AD52046AFF3008006E0D4E9012130206E
:100610009047206A401C2062381EA7F10107F4DCD5
:1006200007E0D4E9012118F805009047206A401C32
:100630002062281EA5F10105F3DC2046AFF30080FF
:100640002078000602D50220BDE8F0870120FBE7F4
:1006500070472DE9FF4F0C461E464FF0FF378BB019
:10066000D2E90001DDF860800A908A46C1F30A559C
:1006700005B93D46002108464FF00000BAF1000FD1
:1006800000F4400005DA00EB80004FF4400101EA7D
:1006900050004FEA9059B9F1010F00DDB9460A98B0
:1006A00050EA4A000ED044F61050A5F2FF354543FB
:1006B0002F14B8F1000F1ED07542291E1EDDC9F19E
:1006C00000021CE0B8F1010F4FF0000001D0302112
:1006D00003E0F24305E02154401CB042FBDB30460E
:1006E0000022002121540B99C1F80880C1E90020A3
:1006F0000FB0BDE8F08FBD1B6D1CDEE74A4600DA87
:10070000694206A800F082FA06AB93E8070003AB43
:1007100083E8070050460A9900F063FB8DE8070064
:10072000A0F500501F3800900398002D0ADD42F21A
:100730001F014A460844002303A90390684600F0BD
:10074000CCFD09E0A0F500504A461F38002303A95C
:100750000390684600F0D6FD8DE807000004000C09
:1007600003D04FF0FF30410800E01046B8F1000F11
:1007700003D00022009215461EE0751E05D400F03D
:10078000BFF9303262556D1EF9D5B34601220843D8
:1007900002D000227F1C04E02078302801D1002202
:1007A0007F1E002A099784D01DE0112D07DA00F082
:1007B000A7F9303262556D1C50EA0102F5D10843A9
:1007C00002D00098C8B10EE00021681E05E0235C4D
:1007D000625C63542254401E491C8142F7DBAB46E5
:1007E000A81B401E0990002004F80B000B98099AE2
:1007F000C0F80880C0E9002B7AE711264FF0000806
:1008000057E72DE9F04F88460446D21D22F0070134
:1008100091B0D1E90001CDE90A0103F011FC0246D3
:100820000B98C00F01D02D2007E02068810701D56B
:100830002B2002E0202101EAC000032A099001D008
:10084000072A05DB03464146204600F09FF90BE1ED
:100850002078800601D5E06900E00620B8F1650F38
:10086000814606D0B8F1660F18D0B8F1670F70D185
:1008700031E00020B9F1110F009001DB112301E0FC
:1008800009F101030AAA01A90CA8FFF7E2FEDDE9BC
:100890000C70002609F10105834647E001204B4614
:1008A00000904FF000470AAA01A90CA8FFF7D1FE5B
:1008B000DDE90DB00C995D46002610B909F1010083
:1008C0000D18B9EB050003D4C0F1FF3609F101059D
:1008D000A5EB09002BE0B9F1010F01DA4FF0010996
:1008E0000020B9F1110F0090484601DD112300E00E
:1008F00003460AAA01A90CA8FFF7ABFEDDE90C70BC
:100900004D4600268346207800070AD4AB4500DA1E
:100910005D4601A8012D04DD411911F8011C3029A3
:1009200007D04F4502DA17F1040F04DA012082469E
:100930000FE06D1EEEE7002F02DCED1B3E4403E0EE
:10094000781CA84200DD7D1CB81B00F1010A4FF0A5
:1009500000472078000703D4AA4501DB4FF0FF3A97
:100960000021B7F1004F0DF143088DF8431024D05A
:1009700002202B23002F01DA7F422D230A21021EA1
:10098000A0F1010000DC5FB197FBF1FC97FBF1F2F5
:1009900001FB1C7C17460CF1300C08F801CDEEE78A
:1009A000A8F1010003702188090501D5452100E067
:1009B0006521A0F1010800F8011C09980FA9A1EB1D
:1009C0000807FF1D00B10120411901EBEA70A16980
:1009D0003844081A401EA0612078C00602D4204680
:1009E000AFF30080099828B1D4E901219047206A2B
:1009F000401C20622078C00622D52046AFF300803C
:100A00001EE0002E04DBB34502DD01A8805D00E09E
:100A10003020D4E901219047206A401C2062761CD6
:100A2000AAF101005FEA000A0AD100F061F8C0688B
:100A30000168405CD4E901219047206A401C206293
:100A4000281EA5F10105DCDC07E0D4E9012118F836
:100A5000010B9047206A401C2062381EA7F1010755
:100A6000F3DC2046AFF30080032011B041E6000024
:100A700001694A1C02610878704700B58FB0CDE962
:100A800001310021059105497944CDE90310114652
:100A90006846FFF71DFC0FB000BD0000E5FFFFFF3B
:100AA0000A6802F8010B0A6070474FF0000204293F
:100AB000C0F0128010F0030C3FF4C7ACCCF1040C72
:100AC000BCF1020F18BF00F8012BA8BF20F8022BC1
:100AD000A1EB0C01FFF7B9BC5FEAC17C24BF00F8B1
:100AE000012B00F8012B48BF00F8012B70470000D4
:100AF00000487047D402002000487047B40200202C
:100B000030B5B0F10A024FEA900E71F100034EEADF
:100B1000817EB0EB0E0061EB91014FEA101E4EEAB0
:100B2000017E10EB0E0041EB11114FEA102E4EEA40
:100B3000016E10EB0E0041EB11214FEA104E4EEA10
:100B4000014E10EB0E0041EB1141401841F1000144
:100B50004FEAD00040EA41704FEAD10110EB800526
:100B60004FEA810444EA907444EB01046D1944EBAC
:100B70000404521BA3414FF0000348BF0A3200D5C2
:100B800030BD401C41F1000130BD00002DE9F041B5
:100B90001F46044603260168072A01F4006004DBAF
:100BA00008B116A505E016A503E008B115A500E0FB
:100BB00015A521F010002060A069C01EA0610FB132
:100BC000401EA0612046AFF300804FB1D4E901215F
:100BD00038469047206A401C2062C01C206206E014
:100BE000206AFAE7D4E9012115F8010B9047761E37
:100BF000F8D22046AFF30080BDE8F0814E414E00B0
:100C00006E616E00494E4600696E66002DE9F04740
:100C1000814616468AB0354878440DC88DE80D00E7
:100C200032487844801C03AC0DC884E80D0041F6BE
:100C30009B300844372190FBF1F290FBF1F5A5F1D0
:100C4000800501FB12041B3C02D56442012000E038
:100C50000020DFF898A080460027FA44AAF1BE0AD7
:100C60000EE0E0070AD03246684607EB4701012351
:100C70000AEB810100F046FB8DE8070064107F1C41
:100C8000002CEED1194F7F44AE3F19E0E80715D094
:100C900007EB04100DF1180A90E80E008AE80E0028
:100CA000C068F04201D1981908903246012306A984
:100CB00003A800F027FB03AB83E807006D10641C5A
:100CC000002DE3D14FF0010332466946B8F1000F21
:100CD00003A802D000F001FB01E000F013FBC9E91A
:100CE0000001C9F808200AB0BDE8F087D8840000E8
:100CF00000487047B40200207546FFF7F9FFAE4682
:100D000005006946534620F00700854618B020B517
:100D1000FFF758FABDE820404FF000064FF00007FB
:100D20004FF000084FF0000B21F00701AC46ACE893
:100D3000C009ACE8C009ACE8C009ACE8C0098D4600
:100D4000704710B50446AFF300802046BDE8104060
:100D5000FFF723BA4FF0013C50F8042B51F8043B45
:100D60009A4221D1A2EB0C03934313EACC1317D17F
:100D700050F8042B51F8043B9A4215D1A2EB0C0316
:100D8000934313EACC130BD150F8042B51F8043BD6
:100D90009A4209D1A2EB0C03934313EACC13DBD0A4
:100DA0004FF00000704700BFD01A01BAB1FA81F1CC
:100DB00001F0180122FA01F0CB40C1F12001DBB2B1
:100DC000C0B2C01A2CFA01F3D11A914311EAC3112F
:100DD000E6D1704701491820ABBEFEE726000200AD
:100DE00070475FEA400C08BF91F0000F4FEA8C2378
:100DF0004FEAC12243EA51514FEA1C5018BF00F597
:100E0000F0404FEA300018BF41F000415FEA6C5CEF
:100E100000F02980BCF1FF3F08BF40F080407047E0
:100E2000130C06BF12044FF0100C4FF0000C130E01
:100E300004BF12020CF1080C130F04BF12010CF1D5
:100E4000040C930F04BF92000CF1020CD30F04BFEB
:100E500052000CF1010C11464FF00002A0F11F00EE
:100E6000A0EB0C00704711F0004F08BF704731F045
:100E700000413FF4D5AF0B0C06BF09044FF0100C36
:100E80004FF0000C0B0E04BF09020CF1080C0B0F05
:100E900004BF09010CF1040C8B0F04BF89000CF195
:100EA000020CCB0F04BF49000CF1010CCCF1200364
:100EB000A0EB0C0022FA03F302FA0CF241EA030160
:100EC00000F10100704720F07F4C80EA030023F01E
:100ED0007F47ACEB070303F57C5300F0004003F1C0
:100EE000FF032DE980494FEA154B09B44FEA14433B
:100EF00025EA0B4E24EA03480FF2042606EB1327DB
:100F000049083E785FEA320203FB0667C7F500072F
:100F100007FB06F64FEA54374FEAD64606F10206BB
:100F200007FB066CCCF1005C4FEA1C472CEA074C2F
:100F300007FB06F40CFB06F504EB15464FEA961684
:100F400034BF00204FF000404FEAD13706FB07FCCA
:100F50004FEA1C4C0CFB0BF7D21B03FB0CF761EBAD
:100F600007010CFB0EF7B0EB074072EB17420CFBCE
:100F700008F734BFA2EB0742B2EB074261EB17411F
:100F80004FEA0C444FEA910706FB07FC4FEA1C4C62
:100F90000CFB0BF7B0EBC74072EB573203FB0CF7BF
:100FA00034BFA2EBC742B2EBC74261EB57310CFB37
:100FB0000EF7B0EBC70072EB57720CFB08F734BFAB
:100FC000A2EBC702B2EBC70261EB5771039F4FEA76
:100FD000816141EA921104EBCC044FEAD1374FEA28
:100FE000826206FB07FC42EA90124FEA80604FEAF9
:100FF0001C4C0CFB0BF7D21B03FB0CF761EB07013E
:101000000CFB0EF7B0EB074072EB17420CFB08F736
:1010100034BFA2EB0742B2EB074261EB17414FEA44
:101020008C554FEA910704EB9C2406FB07FC4FEA22
:101030001C4C0CFB0BF7B0EBC74072EB573203FBB9
:101040000CF734BFA2EBC742B2EBC74261EB57319A
:101050000CFB0EF7B0EBC70072EB57720CFB08F7F6
:1010600034BFA2EBC702B2EBC70261EB577115EBBD
:101070004C254FEA816141EA92114FEA82624FEAC0
:10108000D13742EA901206FB07FC44F100044FEA14
:1010900080604FEA1C4C0CFB0BF7D21B03FB0CF7D8
:1010A00061EB07010CFB0EF7B0EB074072EB174248
:1010B0000CFB08F734BFA2EB0742B2EB074261EB2F
:1010C000174115EB1C154FEA813141EA92414FEA75
:1010D000823242EA90424FEA80304FEA0C7644F185
:1010E000000448EA03434EEA0B484FF0000EB2EB0F
:1010F000080C71EB030724BF624639464EEB0E0E17
:101100004FF0000B0018524149414BEB0B0BB2EB77
:10111000080C71EB03077BF1000B24BF62463946D4
:101120004EEB0E0E4FF0000B0018524149414BEBB5
:101130000B0BB2EB080C71EB03077BF1000B24BF28
:10114000624639464EEB0E0E51EA020718BF46F0D2
:10115000010616EB0E7655F1000254F1000103D59D
:10116000BDE88901BDE80088BDE88901BDE8004807
:10117000B619524141EB0101A3F101037047808090
:101180007F7E7D7C7B7A79787776767574737271E1
:1011900071706F6E6E6D6C6C6B6A6A696868676699
:1011A00066656464636362616160605F5F5E5E5D2B
:1011B0005D5C5C5B5B5A5A5959585857575656559F
:1011C00055555454535352525251515050504F4F01
:1011D0004F4E4E4D4D4D4C4C4C4B4B4B4A4A4A4951
:1011E0004949484848474747474646464545454494
:1011F0004444444343434342424242414141002B21
:101200009C4630D477002BD01CB54FEA370703B487
:101210004FF010004FF01001BAF1000F06D0BCF1F2
:10122000000FDCBF40F0080040F008014FF0000064
:101230000FBCBDE810400BF1010BBBF1010F08BF63
:101240005FEA170722BF12F1010211F101014FF00D
:10125000004143F1000300F0004043EA0000704702
:10126000F9D35708D0E746EA064613F1400F4FEA94
:1012700016461FDD13F1200FDFBF16430A4600217B
:1012800020335B42BED0C3F1200746EA064602FA8D
:1012900007F74FEA164646EA0706C3F1200722FA87
:1012A00003F201FA07F721FA03F14FF0000342EAD3
:1012B0000702A7E746EA020646EA06464FEA16464E
:1012C00046EA0106BCBF46EA0646360C4FF000036C
:1012D0004FF000024FF0000194E72DE9804C9A4650
:1012E000934670B491E8380007C831EA400C48BF13
:1012F00034EA430C03D5FFF7E6FDFFF780FFF0BCAF
:10130000BDE8008C2DE9804C9A46934670B491E874
:10131000380007C810F0804F08BF13F0804F03D18A
:1013200000F005F8FFF76BFFF0BCBDE8008C20F083
:101330007F4780EA030023F07F4C07EB0C03A3F503
:101340007C5300F00040A3F1FE0392F0000F00F088
:10135000B38095F0000F00F077802DE901494FEA46
:1013600011404FEA144621EA004800FB06FC24EA3B
:10137000064708FB06F607FB08F800FB07F718EB23
:1013800006484CEB164C4FEA124B18EB07484FEA55
:1013900015464CEB174022EA0B4E0BFB06FC25EAE8
:1013A00006470EFB06F607FB0EFE0BFB07F71EEBD0
:1013B000064E4CEB164C4FF000061EEB074E4CEB66
:1013C000174B18EB0B0840F1000018EB0E0B58EB15
:1013D000000840F100008F1A4FF000013CBFC943E4
:1013E000661B14BFB5EB040C00213CBFC943F61BC0
:1013F0004FEA17444EEA8E0E27EA04454FEA1C478F
:1014000004FB07622CEA074C05FB07F70CFB05F60B
:1014100004FB0CFC16EB074642EB174216EB0C469E
:1014200042EB1C421BEB060658EB0202414146EA26
:101430009E0601D5BDE80189B619524141EB010173
:10144000A3F10103BDE801894FEA14454FEA1147B2
:1014500024EA054621EA074C05FB07F406FB07F7DB
:101460000CFB06F105FB0CFC11EB074144EB1744A8
:101470004FEA124711EB0C4144EB1C4422EA074CA3
:1014800005FB07F206FB07F70CFB06F605FB0CFC59
:1014900016EB074642EB174216EB0C4642EB1C4597
:1014A0006A1854F1000148BF7047B619524141EB28
:1014B0000101A3F10103704795F0000F37D04FEA07
:1014C00011424FEA144721EA024624EA074C02FB84
:1014D00007F106FB07F70CFB06F402FB0CFC14EB10
:1014E000074441EB17414FEA154714EB0C4441EB1D
:1014F0001C4125EA074C02FB07F506FB07F70CFB2E
:1015000006F602FB0CFC16EB074645EB174516EBFF
:101510000C4645EB1C42121951F1000148BF7047BF
:10152000B619524141EB0101A3F1010370474FEAA3
:1015300014454FEA114724EA054621EA074C05FB0A
:1015400007F106FB07F70CFB06F24FF0000605FB60
:101550000CFC12EB074241EB174112EB0C4251EB32
:101560001C4148BF7047921841EB0101A3F10103F0
:10157000704700280DD002DD00F1C80001E0A0F1A5
:10158000C8004FF4E151884202DC4942884200DA47
:1015900008467047FEE7000070B53D4802F077FA54
:1015A0003C4C60633C4802F072FA404204F1440251
:1015B000111FA063081F04F02DF9A21D911E881EA3
:1015C00001F0DBFE04F10C02911E881E01F0BCFE4E
:1015D000324833494FF0000500780B7850EA030198
:1015E00000D16565012802D1626D1E326265626DAF
:1015F000012B01D11E3A6265962A01DD962204E094
:101600006FF09506B24200DA3246626521B10128D8
:1016100005D0012B03D003E02248606200E0656240
:10162000E06C05F07BFF216905F012FE0546B4F978
:10163000020005F073FF02462846216C02F0CCFC44
:10164000A064B4F9020005F069FF0546E06C05F0FE
:1016500065FF216905F0FCFD2A46216C02F0BCFC07
:10166000A064216D421A08440A49C4E916205C317D
:10167000081F01F00FFED4E9160101F021FE054913
:10168000BDE870404031A1F1300002F007BA00001F
:10169000940100205C00002024020020BF000020F4
:1016A000C00000209A99193F7047042000F0BAB892
:1016B000202000F0B7B872B6FEE710B590F8211000
:1016C0000022022905D00421816380F82020012016
:1016D00010BD01680B6823F00E030B6001680B68F6
:1016E00023F001030B6090F84030C46B012101FA34
:1016F00003F3636080F8211080F82020104610BDAD
:1017000010B590F821100024022903D00421816330
:1017100001243DE001680A6822F00E020A600168B7
:101720000A6822F001020A601A4A0168914201D156
:10173000012121E0174A1432914201D110211BE00E
:10174000144A2832914201D1891515E0114A3C32E0
:10175000914201D189140FE00E4A5032914202D1D8
:101760004FF4803108E00B4A6432914202D14FF4C9
:10177000801101E04FF08071064A083A5160012162
:1017800080F82110002180F82010416B01B18847BA
:10179000204610BD0800024070B5044600F048F92C
:1017A0000546601C02D004480078044400F040F96B
:1017B000401BA042FAD370BDC400002010B504281D
:1017C00005D020281BD1BDE81040FFF7E5BE04215D
:1017D0000F4800F023F90F4C012811D0204600F0EB
:1017E000A1FE2068406A0C4C80B2208005F016FAF9
:1017F0000A4A0B4B05F026FA04F08EFF606010BD1C
:10180000216800204862BDE81040024800F062BE36
:1018100000080140DC010020540000209CC420B0DE
:101820007268913F044910B50A68024202D008600C
:10183000FFF7C4FF10BD0000140401402DE9F84F6C
:10184000DFF8B8910024A9F1040B23460F2709F112
:10185000040AABF1040EC9E00125A5402A40AA42C2
:101860007DD1674ED1F804C0ACEB0608B44532D048
:1018700014DCBCF1030F3AD009DCBCF1000F2AD014
:10188000BCF1010F1CD0BCF1020F31D11DE0BCF145
:10189000110F17D0BCF1120F2AD119E0B8F5881F2B
:1018A00019D006DCB8F5803F15D0B8F5801F1FD1E0
:1018B00011E0B8F5001F0ED0B8F5041F18D10AE0EA
:1018C000CB6815E0CB681B1D12E0CB6808330FE036
:1018D000CB680C330CE08B682BB1012B4FF0080365
:1018E00003D0456104E0042302E0056100E0002329
:1018F000FF2A01D8064601E000F104064FEA8405FC
:1019000001D9A5F12005D6F8008007FA05FC28EAE0
:101910000C0803FA05F548EA0508C6F800804D688A
:10192000ED0062D5374DAE6946F00106AE61AD6996
:1019300024F0030605F001050095334D06EB050C78
:10194000DCF80850A607360F07FA06F825EA08055E
:10195000DFF8B880404503D14FF0000817E044E0BD
:10196000DFF8AC80404502D14FF001080FE0DFF80E
:10197000A480404502D14FF0020808E0DFF89880CB
:10198000404502D14FF0030801E04FF0040808FA87
:1019900006F848EA0508CCF808804D68D9F80060D8
:1019A000ED024D4601D5164300E096432E604D688A
:1019B000DAF80060AD02554601D5164300E09643C3
:1019C0002E604D68DBF80060AD035D4601D516431F
:1019D00000E096432E604D68DEF80060ED0375462A
:1019E00001D5164300E096432E60641C0D682A461C
:1019F000E5407FF431AFBDE8F88F000008040140F6
:101A000000001110001002400000014000080140D9
:101A1000000C0140001001400014014080680840A3
:101A200000D0012070470AB1016170470904FBE74B
:101A30000148806870470000C400002070B50400B1
:101A400025D094F83D00002520B984F83C5020466C
:101A500000F050F9242084F83D002068016821F04E
:101A6000010101602068016841F4004101602068C3
:101A7000016821F40041016000F0A2FA4D4A61685A
:101A8000914201D84C4900E04C49884201D20120E2
:101A900070BD4B492368B0FBF1F15E6826F03F064C
:101AA0000E435E606368934206D94FF496735943C0
:101AB0004FF47A73B1FBF3F12368491C1E6A26F0D8
:101AC0003F06314319626168914210D84900401EB7
:101AD000B0FBF1F2521CC2F30B02042A01D2042023
:101AE00022E0B0FBF1F0401CC0F30B001CE0A26848
:101AF000F2B301EBC10303EB0116431EB3FBF6F394
:101B00005B1C43F480431B0549D092B301EBC10237
:101B100002EB0111401EB0FBF1F0401CC0F30B00C2
:101B200040F4804040F400402168CA694CF6FF73DD
:101B30009A431043C861D4E9071001432068026842
:101B400022F0C00211430160D4E90301014320687F
:101B5000826848F2FF339A4311438160D4E905015A
:101B600008432168CA6822F0FF021043C86001E000
:101B70000EE016E02068016841F001010160256473
:101B8000202084F83D00256384F83E50002070BD7D
:101B900001EB4106431EB3FBF6F35B1CB3E70120E8
:101BA000C2E701EB4101401EB0FBF1F0401CC0F365
:101BB0000B00B7E7A086010080841E0000093D00ED
:101BC00040420F002DE9FF4F83B09A46DDE911979F
:101BD00093460446DDF84080FFF72AFF054694F857
:101BE0003D0020287FD1192301224049204600953D
:101BF00001F068F9002876D194F83C00012872D0F1
:101C0000012084F83C0020680168C90703D10168FD
:101C100041F0010101602068016821F40061016068
:101C2000212084F83D00402084F83E0000262664F0
:101C3000C4F82480A4F82A90608D20852C48E062A6
:101C4000CDE9007553465A462046049901F0BAF88A
:101C500070B930E02A463946204601F0D9F958B12A
:101C6000206C042804D12068016841F400710160EF
:101C7000012007B0BDE8F08F606A21680078086134
:101C8000606A401C6062218D491E89B22185628D87
:101C9000521E628522685369DB435B070BD469B12E
:101CA00000781061606A401C6062208D401E2085B3
:101CB000608D401E6085208D0028CBD12A46394694
:101CC000204601F0D3F80028CAD154F83D0B016832
:101CD00041F400710160202004F81E09E677667760
:101CE0000020C6E7FFE70220C3E700000200100063
:101CF0000000FFFF10B586B0002100910191029114
:101D0000039100681349884222D1134CA06940F026
:101D10000800A061A069694600F0080004904FF433
:101D20004070009012200190032003900B48FFF7B1
:101D300085FD0B48416841F0E06141F002014160DE
:101D4000E06940F40010E061E06900F400100490E4
:101D500006B010BD0054004000100240000C0140CD
:101D60000000014002488168027811448160704798
:101D7000C4000020074810B5016841F0100101605F
:101D8000032000F075F80F2000F006F800F024F8AA
:101D9000002010BD0020024070B50D4D04464FF4E8
:101DA0007A712878B1FBF0F00A490968B1FBF0F0CC
:101DB00000F0DCFA48B9102C07D200222146501E50
:101DC00000F036F800206C6070BD012070BD00008E
:101DD000C4000020D00000200C4808B5816941F003
:101DE00001018161816901F001010091C16941F046
:101DF0008051C161C06900F0805000900448416882
:101E000021F0E06141F00071416008BD0010024026
:101E100000000140002809DB00F01F020121914071
:101E20004009800000F1E020C0F800117047000078
:101E3000F0B40E4B1B680C46C3F30223C3F1070535
:101E4000042D00D90425191D072901D2002300E023
:101E5000DB1E012606FA05F1491E214099409E40ED
:101E6000761E16403143F0BC02F0FEB80CED00E0E7
:101E7000064900F0070208684FF6FF03184040EAE1
:101E80000220034A10430860704700000CED00E098
:101E90000000FA052DE9F0470F46050061D0434EDA
:101EA000306800F00700B84209D2306820F007001F
:101EB00038433060306800F00700B84251D12868DC
:101EC0003B4C810712D5400703D5606840F4E060C1
:101ED00060602878000703D5606840F46050606057
:101EE0006068A96820F0F000084360602878C007A7
:101EF00028D06868012810D02168022810D08907EE
:101F000000292EDA616821F0030101436160FFF7C7
:101F10008FFD804641F288390DE021688903EFE7A3
:101F20008901EDE7FFF784FDA0EB0801494502D9DF
:101F30000320BDE8F0876068696800F00C00B0EB32
:101F4000810FEFD1306800F00700B8420BD930683C
:101F500020F0070038433060306800F00700B842D6
:101F600001D00120E5E72878400705D56068E968D9
:101F700020F4E060084360602878000706D56068B8
:101F8000296920F4605040EAC100606000F038F830
:101F90006168084AC1F30311515CC84006490860F2
:101FA00006480068FFF7F8FE0020C2E70020024064
:101FB000001002406C8F0008D0000020C8000020F4
:101FC0000448054900684968044AC1F30221515C8C
:101FD000C8407047D0000020001002407C8F0008ED
:101FE0000448054900684968044AC1F3C221515CAC
:101FF000C8407047D0000020001002407C8F0008CD
:102000000E4A51680E4801F00C03042B11D0082B26
:102010000FD10C48C1F38343C903C05C0AD5516892
:10202000084AC1F34041921E515C054A5043B0FB3F
:10203000F1F0704704494843704700000010024027
:1020400000127A005C8F000800093D002DE9F84F6E
:10205000040070D02078C04DC00749D06868C0F334
:102060008100012807D06868C0F38100022809D1E7
:102070006868C00306D52868800339D560680028E1
:10208000E7D035E06068B0F5803F0BD010B1B0F517
:10209000A02F11D0286820F480302860286820F410
:1020A000802002E0286840F480302860606890B1A9
:1020B000FFF7BEFC06460AE0286840F4802028604E
:1020C000F0E700BFFFF7B4FC801B642873D82868D2
:1020D0008003F7D50CE0FFF7ABFC064605E000BF38
:1020E000FFF7A6FC801B6428F0D828688003F7D48B
:1020F00020789A4E80074FF001094FF0000839D53B
:10210000686810F00C0F07D06868C0F381000228DF
:1021100009D16868C00306D42868800714D52069EF
:10212000012808D110E02069B0B1C6F80090FFF78F
:102130007FFC074605E00AE1FFF77AFCC01B022896
:10214000C4D828688007F7D52868616920F0F800AE
:1021500040EAC10028600DE0C6F80080FFF768FC87
:10216000074604E0FFF764FCC01B022823D8286858
:102170008007F7D4207800072CD57948A169D9B118
:10218000C0F80090FFF754FC074604E0FFF750FC4E
:10219000C01B02280FD8686A8007F7D571484FF432
:1021A000FA510068B0FBF1F0009000BF0098411EAA
:1021B0000091FAD20EE080E0C0F80080FFF738FC12
:1021C000074604E0FFF734FCC01B022875D8686A94
:1021D0008007F7D42078400760D5E8690027C00061
:1021E00008D4E86940F08050E861E869012700F010
:1021F000805000905C480168C90513D4016883468B
:1022000041F480710160FFF713FC824606E000BFD5
:10221000FFF70EFCA0EB0A0064284ED8DBF80000A4
:10222000C005F5D5E06801280AD008B1052813D00B
:10223000286A20F001002862286A20F0040002E0E9
:10224000286A40F001002862E06841F2883B98B1BA
:10225000FFF7EEFB82460BE0286A40F0040028629C
:10226000EEE700BFFFF7E4FBA0EB0A0159455AD89F
:10227000286A8007F6D50CE0FFF7DAFB824605E016
:10228000FFF7D6FBA0EB0A0159454CD8286A800716
:10229000F6D41FB1E86920F08050E861E06988B3A6
:1022A0006968C1F38101022944D00228C6F8608020
:1022B00004D0FFF7BDFB044638E034E0FFF7B8FB7D
:1022C000074604E0FFF7B4FBC01B02282BD82868A0
:1022D0008001F7D4206AB0F5803F05D16868A16815
:1022E00020F4003008436860D4E9080108436968B5
:1022F00021F4741108436860C6F86090FFF798FBFA
:10230000044606E025E000BFFFF792FB001B022811
:1023100009D828688001F7D51BE000BFFFF788FBCC
:10232000001B022802D90320BDE8F88F286880012D
:10233000F4D40EE00128F7D06868226A00F48031F6
:10234000914204D1616A00F47010884201D00120EA
:10235000EAE70020E8E700000010024000004242E7
:1023600080044242D00000200070004010B5401EA2
:10237000B0F1807F01D3012010BD4FF0E0246061F7
:102380000F21601701F070FE0020A061072020617E
:10239000002010BD10B590F83C20012A22D0012267
:1023A00080F83C20CA688C6822F4407222434C6852
:1023B00022F4806222430C6822F4006222430C69FA
:1023C00022F4805222434C6922F400522243C9690C
:1023D000002322F480420A4301684A6480F83C30BA
:1023E000002010BD022010BD70B590F83C20012ADD
:1023F00026D0012480F83C40022280F83D2003686A
:102400005A689D6822F070060A6832435A600D4B84
:1024100002689A4208D0B2F1804F05D00A4B9A4226
:1024200002D00A4B9A4204D1496825F0800319432F
:10243000916080F83D40002180F83C10084670BD56
:10244000022070BD002C0140000400400008004044
:1024500010B5040003D094F83D0010B107E001204E
:1024600010BD002084F83C00204600F01FF8022038
:1024700084F83D00211D206801F058FB012084F8FC
:10248000460084F83E0084F83F0084F8400084F859
:10249000410084F8420084F8430084F8440084F842
:1024A000450084F83D00002010BD000008B500681C
:1024B0000649884208D10648C16941F00201C1615C
:1024C000C06900F00200009008BD00000004004058
:1024D0000010024090F83D10012901D00120704702
:1024E000022180F83D1000680B49884208D0B0F105
:1024F000804F05D00949884202D00949884204D159
:10250000816801F00701062903D0016841F001014B
:102510000160002070470000002C014000040040D2
:102520000008004001680A6A41F211131A4207D1FB
:102530000A6A9B101A4203D10A6822F001020A605B
:10254000012180F83D100020704770B5044690F8D6
:102550003C000025012817D0012684F83C600220A9
:1025600084F83D002068826822F0770222F47F42DE
:1025700082600868502838D00DDC20284FD005DC58
:1025800090B3102811D14AE0022070BD302846D007
:1025900040280AD13BE060282FD070280DD0B0F53C
:1025A000805F03D0B0F5005F12D0012584F83D6054
:1025B000002084F83C00284670BDCB68D1E9012199
:1025C000206801F0F6FA2068816841F0770109E09F
:1025D000CB68D1E90121206801F0EBFA206881681D
:1025E00041F480418160E1E719E0CA6849682068E8
:1025F00001F094FB5021206806E0CA684968206811
:1026000001F09DFB6021206801F0DDFACEE7CA6889
:102610004968206801F082FB40212068F4E72268C5
:1026200001461046F0E72DE9F0410D46040003D0C5
:1026300094F83D0018B108E00120BDE8F0810020C9
:1026400084F83C00204600F041F8022084F83D0068
:102650002068816844F2070291438160211D20684F
:1026600001F064FA226890689169166A2B68AF6974
:10267000034340F20330814341EA0721A868EF6930
:1026800008434FF6FC418843E96840EA07200143CC
:1026900028692F6A000140EA0730084369686D69BC
:1026A00026F0220646EA05152943936022689061C8
:1026B00054F8460B0162012004F81F09E0752076EA
:1026C000E0762077A0750020B7E7000000B585B060
:1026D0000021009101910291039101681A48B1F122
:1026E000804F1BD0194A914216D1C16941F00401B3
:1026F000C161C16901F004010491816941F00801DF
:1027000081618069694600F008000490C020009053
:102710000F4800BFFFF792F805B000BDC16941F056
:102720000101C161C16901F001010491816941F0B8
:10273000040181618069694600F00400049003206F
:1027400000900448E6E70000001002400008004046
:10275000000C01400008014070B590F83E6004464E
:1027600090F83F5090F8423090F84320022021B179
:1027700004290ED0012E1BD114E0012E18D1012BFB
:1027800016D184F83E0084F842000122002120681E
:1027900020E0012D0CD1012A0AD184F83F0084F8F1
:1027A000430014E0012D03D1012B01D1012A01D0F6
:1027B000012070BD84F83E0084F83F0084F8420098
:1027C00084F8430001220021206801F0E5F901228C
:1027D0000421206801F0E0F92068016841F001015E
:1027E0000160002070BD000000B585B0002100919F
:1027F00001910291039100680B49884212D10B4864
:10280000816941F0040181618069694600F004003A
:1028100004904FF41060009002200190039004484F
:10282000FFF70CF805B000BD002C0140001002407D
:102830000008014070B5044690F83C0000260D46A3
:1028400001280FD0012084F83C006AB1042A1DD071
:10285000082A2FD00C2A3FD00126002084F83C0003
:10286000304670BD022070BD206801F0B5F92068C7
:10287000816941F0080181612068816921F00401CA
:102880008161206881692A69114311E0206801F0A3
:10289000CBF92068816941F4006181612068816918
:1028A00021F480618161206881692A6941EA0221FD
:1028B0008161D2E7206801F0E3F92068C16941F045
:1028C0000801C1612068C16921F00401C16120686B
:1028D000C1692A69114311E0206801F0FDF92068FF
:1028E000C16941F40061C1612068C16921F480615E
:1028F000C1612068C1692A6941EA0221C161ACE76E
:1029000010B5040003D094F83D0010B107E0012099
:1029100010BD002084F83C00204600F01FF8022083
:1029200084F83D00211D206801F000F9012084F8A1
:10293000460084F83E0084F83F0084F8400084F8A4
:10294000410084F8420084F8430084F8440084F88D
:10295000450084F83D00002010BD000008B5006867
:102960000649884208D10648816941F400618161C5
:10297000806900F40060009008BD0000002C014058
:102980000010024010B50446022249B104290ED0BD
:10299000082913D094F84100012816D0012010BD59
:1029A00094F83E000128F9D184F83E200FE094F815
:1029B0003F000128F2D184F83F2008E094F840005D
:1029C0000128EBD184F8402001E084F84120012265
:1029D000206801F0E1F80F492068884203D1426C79
:1029E00042F4004242642068884208D0B0F1804F2F
:1029F00005D00949884202D00849884204D181683B
:102A000001F00701062903D0016841F001010160CE
:102A1000002010BD002C01400004004000080040D0
:102A200070477047F8B5016804460868CA684B6982
:102A300010F00F0F4FF0000559D003F0010602F41B
:102A40009077374365D0C10705D0D10503D5616CB8
:102A500041F001016164410705D5D90703D0616CDC
:102A600041F002016164810705D5D90703D0616C8B
:102A700041F004016164010707D502F020013143F0
:102A800003D0616C41F008016164616C00293AD0A7
:102A9000800604D5900602D5204601F091F9206801
:102AA0004069616CC0F38010090700D460B3204610
:102AB00001F05FF920684069400621D52068143094
:102AC00050E8001F21F0400140E80012002AF5D133
:102AD000E06BA8B16D494163E06BFEF711FE002881
:102AE00011D0E06B416B01B0BDE8F04008478306B0
:102AF0000FD593060DD52046BDE8F84001F060B92A
:102B00002046FFF78EFFF8BD2046FFF78AFF656479
:102B1000F8BD266B2023012E7CD1C6067AD5D606B9
:102B200078D508684868009048694FF0020640066A
:102B300040D5E16B086840680004000CE8D0A28D25
:102B40008242E5D9E085886920282DD020680C30A4
:102B500050E8001F21F4807140E80012002AF5D1EE
:102B60002068143050E8001F21F0010140E80012F5
:102B7000002AF5D12068143050E8001F21F04001F0
:102B800040E80012002AF5D184F84230256320681D
:102B90000C3050E8001F21F0100140E80012002A1C
:102BA000F5D1E06BFEF789FD6663A08DE18D401ADB
:102BB00081B22AE0A08DE18D401A81B2E08D00281B
:102BC000A6D00029A4D022680C3252E8000F20F4CD
:102BD000907042E80007002FF5D12068143050E8CB
:102BE000002F22F0010240E80027002FF5D184F8E1
:102BF0004230256320680C3050E8002F22F010028C
:102C000040E80023002BF5D166632046FFF708FF5C
:102C1000F8BDFFE705062BD5150629D594F8410028
:102C20002128F5D1A068B0F5805F01D12069B0B14D
:102C3000206A411C2162216800784860E08C401EB7
:102C40000004000CE084E3D12068C16821F0800119
:102C5000C1602068C16841F04001C160D8E7206AC6
:102C60000088C0F308004860206A801C2062E5E705
:102C70004006CDD55006CBD5CA68204622F040028A
:102C8000CA6084F8413000F084F8C1E7633D000871
:102C900070B5040004D094F84100002510B106E09E
:102CA000012070BD84F84050204600F023F8242015
:102CB00084F841002068C16821F40051C1602046B9
:102CC00001F0E0F82068016921F490410161206879
:102CD000416921F02A0141612068C16841F4005135
:102CE000C1606564202084F8410084F84200656377
:102CF000002070BD30B585B000240094019402948A
:102D000003940068184988422CD11848C16941F4DD
:102D10008021C161C16901F480210491816941F080
:102D2000080181618069124D00F0080004904FF4A1
:102D3000806000900220019003200390694628469D
:102D4000FEF77CFDE814CDE90004694628460294AC
:102D5000FEF774FD002211462720FFF769F82720AF
:102D6000FFF758F805B030BD0048004000100240A1
:102D7000000C014090F84230202B01D00220704717
:102D800021B11AB10023036301F0D8B801207047C4
:102D900070477047FEE701684A69D24352050FD475
:102DA0006FF480624A61002140F8301F2022427394
:102DB0008173026942F004020261017301207047CD
:102DC000002070472DE9F843044600680D46DDE910
:102DD000089701689846164641F4807101604B4699
:102DE00000224FF001112046009700F06BF848B127
:102DF00020680068C00502D54FF4007020640320ED
:102E0000BDE8F883216805F0FE0008613B464A46AC
:102E10001549204600F09EF888B92068416980690C
:102E200000903A464946204600F0F2F848B1206C3E
:102E3000042804D12068016841F400710160012078
:102E4000DEE7F5B2B8F1010F09D02168300A086158
:102E50003A464946204600F0DBF80028E7D12068D2
:102E600005610020CCE700000200010070B51646A5
:102E70000D4604461EE02046FFF78DFF08B10120F5
:102E800070BD681C16D0FEF7D3FD801BA84200D889
:102E900085B920684069C04340070BD5002044F83D
:102EA000300F20216173A073216941F0200121615D
:102EB0002073E4E720684069C0434007DBD400206A
:102EC00070BD00002DE9F047984617460D460446B0
:102ED000C1F30746DDF820902AE000BFB8F1FF3FBC
:102EE00026D0FEF7A5FDA0EB0901414502D8B8F1B7
:102EF000000F1DD12068012E16D0806925EA000040
:102F00000004000C12D00020B84211D1002044F877
:102F1000300F20216173A073216941F020012161EC
:102F200020730120BDE8F0874069E7E70120EBE767
:102F30002068012E0AD0806925EA00000004000CF8
:102F400006D00020B842C9D00020EBE74069F3E783
:102F50000120F7E72DE9F047984616460D4604464E
:102F60004FF000094FF0200AC1F3074723E0206823
:102F70004069C043400515D42068016841F40071E0
:102F8000016021686FF480604861C4F8309084F873
:102F90003DA084F83E90216C41F00401216484F846
:102FA0003C9021E0701C06D0FEF742FDA0EB08002B
:102FB000B04203D816B1012F1FD021E02068012FA5
:102FC00015D0806925EA00000004000C18D000BF6D
:102FD00044F8309F84F80DA084F80E90216941F0E8
:102FE0002001216184F80C900120BDE8F087406940
:102FF00025EA00000004000CEAD12068406901E0E5
:103000002068806925EA00000004000CAFD1ECE7DD
:1030100070B516460D4604461EE02046FFF7BBFE7F
:1030200008B1012070BD681C16D0FEF701FD801BA1
:10303000A84200D885B920684069C04300060BD576
:10304000002044F8300F20216173A073216941F002
:10305000200121612073E4E720684069C043000635
:10306000DBD4002070BD000010B50E4C00221021F2
:103070002046FEF7D8FC00F017F801220821204670
:10308000FEF7D1FC00F010F8002208212046FEF7E0
:10309000CAFC00F009F820460122BDE810401021CA
:1030A000FEF7C1BC000C01400020401CC0B20A2841
:1030B000FBD370470C4800B5816985B041F0080129
:1030C00081618069694600F0080004901820009032
:1030D00003200390112001900448FEF7AFFB00F09D
:1030E0009DF805B000BD000000100240000C01403A
:1030F00010B50C4C012210212046FEF794FCFFF77E
:10310000D3FF012208212046FEF78DFCFFF7CCFFFC
:10311000002208212046FEF786FCBDE81040FFF79C
:10312000C3BF0000000C01402DE9F0410024134E04
:10313000074625466006040E012208213046FEF7A8
:1031400072FCFFF7B1FF10213046FEF767FC08B1B3
:10315000641CE4B2002208213046FEF764FCFFF74D
:10316000A3FF6D1CEDB2082DE4D327B1FFF77CFF60
:103170002046BDE8F081FFF7BBFFF9E7000C0140F6
:1031800070B5154E05460024280601D5012200E041
:10319000002210213046FEF746FCFFF785FF012292
:1031A00008213046FEF73FFCFFF77EFF0022082192
:1031B0003046FEF738FC072C04D10122102130469E
:1031C000FEF731FC6806050EFFF76EFF641CE4B2E3
:1031D000082CD9D370BD0000000C014010B50E4C76
:1031E000012210212046FEF71EFC01220821204664
:1031F000FEF719FCFFF758FF002210212046FEF7CA
:1032000012FCFFF751FF002208212046FEF70BFCBD
:10321000BDE81040FFF748BF000C014010B50A4C54
:10322000002210212046FEF7FEFB01220821204645
:10323000FEF7F9FBFFF738FF20460122BDE81040FA
:103240001021FEF7F0BB0000000C014070B5104DDE
:10325000012210212846FEF7E6FBFFF725FF012299
:1032600008212846FEF7DFFBFFF71EFF1021284646
:10327000FEF7D4FB08B1012400E00024002208215D
:103280002846FEF7D0FBFFF70FFF204670BD000079
:10329000000C014010B54FF4E15304685A429C42BF
:1032A00001DD036002E0944200DA0260086898429F
:1032B00001DD0B6010BD9042FCDA0A6010BD000019
:1032C0002DE9F0410A46FEF754F906461046FEF78E
:1032D00050F94FF400514F10194C0546002E05DAF5
:1032E00001222046FEF79FFB002204E00022204638
:1032F000FEF799FB012239462046FEF794FB304643
:1033000000F031FF0F4E316808644FF480414F00E8
:10331000002D05DA01222046FEF785FB002204E09D
:1033200000222046FEF77FFB012239462046FEF7A9
:103330007AFB284600F017FF31684863BDE8F0814A
:10334000000C01404C0100207CB514460D46064699
:103350006B4606223B21682000F080F800280BD144
:10336000BDF8001049BA3180BDF8021049BA298071
:10337000BDF8041049BA21807CBD7CB514460D46C9
:1033800006466B4606224321682000F067F80028B5
:103390000BD1BDF8001049BA3180BDF8021049BA0E
:1033A0002980BDF8041049BA21807CBD10B5FFF713
:1033B00081FE80216B2000F0C0F86420FEF7ECF95C
:1033C00000216B2000F0B9F8032000F082F8002003
:1033D00000F07AF8642000F099F80021382000F01D
:1033E000ACF800216A2000F0A8F80021232000F0AA
:1033F000A4F88021372000F0A0F8752000F011F823
:10340000682801D0012010BD01216B2000F095F843
:1034100000216C2000F091F8642000F077F8002083
:1034200010BD10B50446FFF7D9FED020FFF7A8FE67
:10343000FFF70CFF2046FFF7A3FEFFF707FFFFF79C
:10344000CDFED120FFF79CFEFFF700FF0020FFF725
:103450006BFE0446FFF7E2FE204610BD2DE9F04169
:103460001D4614460F460646FFF7B8FE7006000ECE
:10347000FFF786FEFFF7EAFE20B1FFF7CFFE01203F
:10348000BDE8F0813846FFF77BFEFFF7DFFEFFF770
:10349000A5FE012000EB4600C0B2FFF771FEFFF76A
:1034A000D5FE09E0012C0DD05FF00100FFF73CFED6
:1034B000641E05F8010BE4B2002CF3D1FFF7AEFE59
:1034C0000020DDE70020F1E7C006010E1C2000F01F
:1034D00034B8C006010E1B2000F02FB8BC2801D361
:1034E000012110E0622801D302210CE02A2801D337
:1034F000032108E0142801D3042104E00A2801D3A1
:10350000052100E006211A2000F017B810B5044686
:103510004FF47A70844201D9044602E0042C00D2B0
:103520000424B0FBF4F0401EC1B2192000F005F8ED
:103530006008BDE81040FFF7D1BF70B50C460546E6
:10354000FFF74CFED020FFF71BFEFFF77FFE50B9C0
:103550002846FFF715FEFFF779FE2046FFF710FE1D
:10356000FFF774FE18B1FFF759FE012070BDFFF799
:1035700055FE002070BD2DE9F0411E4615460F4650
:103580000446FFF72BFE6006000EFFF7F9FDFFF77C
:103590005DFE60B93846FFF7F3FDFFF757FE0024E4
:1035A0000CE0305DFFF7ECFDFFF750FE20B1FFF7B8
:1035B00035FE0120BDE8F081641CE4B2AC42F0D3DA
:1035C000FFF72CFE0020F5E72DE9F04186B000243E
:1035D00032480094019402940394816941F01001EF
:1035E0008161816901F010010491816941F020013C
:1035F0008161816901F020010491816941F0040138
:103600008161816901F004010491816941F008013F
:1036100081618069224F00F0080004900022082197
:103620003846FEF700FADFF87C804FF218060022D9
:1036300031464046FEF7F7F9042000901A48CDE9DC
:10364000010469463846FEF7F9F808200125CDE95E
:1036500000050320CDE9024069463846FEF7EEF842
:103660000220CDE90240CDE9006569464046FEF7FB
:10367000E5F8202000900D48CDE901056946404657
:10368000FEF7DCF8002211460820FEF7D1FB0820E7
:10369000FEF7C0FB06B0BDE8F0810000001002405C
:1036A00000080140000C0140000031100000211012
:1036B0000D4810B50B4901600C49416000214FF4E1
:1036C00080428160C0E9031241618161C161016290
:1036D000FEF7B4F9002803D0BDE81040FDF7EBBFBA
:1036E00010BD000000540040F8000020A08601003A
:1036F00010B592B000240F941C2168461094FCF77A
:10370000A2FE202107A8FCF79EFE25482349C0E918
:10371000001441F61F41C0E9024104614461846123
:10372000FFF7EEF808B1FDF7C6FF0F940FA91C488C
:103730001094FEF759FE08B1FDF7BDFF6020009020
:103740004FF4E150CDE90104039404940594002260
:10375000694613480694FFF76DF808B1FDF7ABFF13
:103760000C2269460E480194FFF764F808B1FDF792
:10377000A2FF0794089409944FF400500A94CDE9ED
:103780000B4007A906480E94FEF704FE08B1FDF7AA
:1037900092FF0348FFF728F812B010BD002C01403B
:1037A0004C01002010B58CB024216846FCF74BFE7C
:1037B0000024154809944FF080410A94C0E9001490
:1037C0004FF6FF71C0E90241046184610320CDE935
:1037D00000040120CDE902040494CDE905400794DA
:1037E000694609480894FEF71EFF08B1FDF763FF1C
:1037F000099409A904480A94FEF7F6FD002801D0AF
:10380000FDF759FF0CB010BD9401002010B586B033
:1038100000241748009401940294039404941349DB
:10382000059401604721C0E901144FF6FF71C0E91A
:1038300003148461FEF70CFE08B1FDF73CFF4FF462
:103840008050009069460A48FEF77FFE08B1FDF7F8
:1038500032FF049404A906480594FEF7C5FD00282C
:1038600001D0FDF728FF06B010BD000000040040A5
:10387000DC01002010B58CB024216846FCF7E3FD84
:1038800000241648099414490A94C0E900144FF61C
:10389000FF71C0E90241046184610320CDE90004A5
:1038A0000120CDE902040494CDE90540079469465E
:1038B0000A480894FEF7B7FE08B1FDF7FCFE09942C
:1038C00009A906480A94FEF78FFD002801D0FDF7EC
:1038D000F2FE0CB010BD00000008004024020020E1
:1038E0000C4810B50A4901604FF41651416000219F
:1038F00081600C22C160C0E904128161C161FFF7DF
:10390000C7F9002803D0BDE81040FDF7D4BE10BDB4
:10391000004800406C020020FEE7FEE770B500247E
:1039200004F1B000C0B200F08DF8002000F08AF879
:10393000102000F087F80025002000F095F86D1C9D
:10394000EDB2802DF8D3641CE4B2082CE8D370BD2E
:1039500010B5C820FDF720FFBDE8104000F056BBB1
:1039600010B50446B031C8B200F06CF8102040EA3F
:10397000141000F067F804F00F00BDE8104000F0EC
:1039800061B800002DE9F041203A00240D46804640
:10399000D6B27F2803D900208D1C8046EDB2102BB3
:1039A00029460FD0FFF7DCFF164906EB460001EB76
:1039B0004005285D00F058F8641CE4B2062CF8D3EA
:1039C000BDE8F081FFF7CCFF0F4F00BF04EB0610FE
:1039D000385C00F049F8641CE4B2082CF6D36D1C86
:1039E000E9B24046FFF7BCFF5FF0000404EB0610AD
:1039F0003844007A00F038F8641CE4B2082CF5D39F
:103A0000DEE700004A790008727B00082DE9F041EA
:103A1000984617460E46044600250DE043463146BB
:103A20002046FFF7AFFF0834E4B2782C02D9002417
:103A3000B61CF6B26D1CEDB27A5D002AEED1BDE87F
:103A4000F081000001B584B001214FF4807204A818
:103A50008DE807000B46002278210248FEF7B2F8F5
:103A600005B000BDF800002001B584B001214FF47D
:103A7000807204A88DE807000B4640227821024896
:103A8000FEF7A0F805B000BDF800002070470168FF
:103A9000486A002200B24A627047704710B5026857
:103AA0000868114603F03CFE03F0FCFC00F05BFBF1
:103AB0003C2806DD00210846FFF702FC01490120F1
:103AC000087010BD5C000020FEF74CB930B58FB017
:103AD00028216846FCF7B7FC14210AA8FCF7B3FCC0
:103AE00001210804CDE9001000240294022504916C
:103AF000CDE907504FF4E01009906846FEF7A6FAAA
:103B000008B172B6FEE70F20CDE90A054FF48060D8
:103B1000CDE90C4002210AA80E94FEF7BBF900285B
:103B200001D072B6FEE70FB030BD7047F0B5026845
:103B3000164B174C174D4FF08047984205D0B842AE
:103B400003D0A04201D0A84203D122F070064A68F7
:103B50003243984205D0B84203D0A04201D0A842D7
:103B600003D122F44074CA6822434C6922F08002D7
:103B7000224302608A68C2620A688262984201D166
:103B80000969016301214161F0BD0000002C014081
:103B9000000400400008004010B501F01F0301219F
:103BA000046A99408C430462016A9A40114301629D
:103BB00010BD10B5846842EA032224F47F440A430E
:103BC0002243826010BD826822F070020A4342F0F4
:103BD000070181607047000030B5036A026A22F075
:103BE000010202624268846924F073050C682C4368
:103BF00023F002058B682B430A4DA8420BD123F01A
:103C00000805CB6822F440722B434D6923F004036E
:103C100015438A692A4342608461496841630362AB
:103C200030BD0000002C014030B5026A036A23F069
:103C300010030362436884690D6824F4E64444EA8F
:103C400005248D6822F0200242EA05120B4DA8429D
:103C50000ED1CD6822F0800242EA05124D6923F4AC
:103C6000406343EA85038D6922F0400243EA8503FD
:103C70004360846149688163026230BD002C014069
:103C800030B5036A026A22F4807202624268C46933
:103C900023F4007324F073050C682C438D6843EA09
:103CA00005230C4DA8420ED1CD6823F4006343EAEE
:103CB00005234D6922F4405242EA05128D6923F42E
:103CC000806342EA05124260C4614968C1630362CD
:103CD00030BD0000002C014030B5046A026A22F4B5
:103CE000805202624268C3690D6823F4E64343EAE6
:103CF00005238D6824F4005444EA0534064DA84297
:103D000004D14D6922F4804242EA85124260C361C7
:103D100049680164046230BD002C014010B5036A9B
:103D2000046A24F001040462846924F0F00444EA83
:103D3000021423F00A020A438461026210BD10B526
:103D4000036A046A24F010040462846923F0A00367
:103D500024F4704444EA023243EA011182610162B0
:103D600010BD10B5406A0021C185C184FEF759FE1F
:103D700010BD01680C3151E8002F22F4907241E827
:103D80000023002BF5D10168143151E8002F22F0F7
:103D9000010241E80023002BF5D1016B012909D173
:103DA00001680C3151E8002F22F0100241E8002395
:103DB000002BF5D1202180F84210002101637047CB
:103DC00008B590F84210222901D0022008BD82686F
:103DD0004FF480539A4201D1016921B1816A9A421C
:103DE0001BD04AB10AE00268816A5268C2F3080235
:103DF0000A80816A891C08E0026972B1026852680F
:103E000002F07F020A70816A491C8162C18D491EDD
:103E10000904090CC18503D01BE002685268F1E770
:103E20000168CA6822F02002CA600168CA6822F4E8
:103E30008072CA6001684A6922F001024A61202149
:103E400080F8421000214163026B012A03D0FEF783
:103E50009FFF002008BD016301680C3151E8002F6D
:103E600022F0100241E80023002BF5D101680A6816
:103E7000D20602D50A6849680091818DFEF7D0FD0F
:103E8000E7E7000070B5044600680169E26821F4C4
:103E90004051114301612169A068084361690843E9
:103EA0002168CA6841F20C639A430243CA602068E1
:103EB0004169A26921F44071114341611E492068A2
:103EC000884202D1FEF78CF801E0FEF779F800EBAA
:103ED000C00101EB0012606864218000B2FBF0F3C6
:103EE000B3FBF1F36FF018067343B2FBF0F5B2FBCE
:103EF000F0F605EB8305322303EB0515B5FBF1F571
:103F0000B6FBF1F605F0F00505EB0615B2FBF0F691
:103F1000B2FBF0F0B0FBF1F06FF01802504306EB8B
:103F2000800003EB0010B0FBF1F0216800F00F00FF
:103F30002844886070BD000000380140816282859D
:103F4000C28500214164222180F84210016921B11B
:103F50000168CA6842F48072CA6001684A6942F026
:103F600001024A610068C16841F02001C16000207F
:103F70007047000010B51548FEF754FD144802784C
:103F8000401F0021027042B10123012A07D0052AF7
:103F900009D0032A0AD0072A0DD0417000E04370EF
:103FA0008170C1700AE041708370FAE741708170DE
:103FB000C170037103E041708170C3700171BDE88D
:103FC0001040012202490148FEF7D4BE6C020020D5
:103FD000C1000020FEE700002DE9F0410A4D0E4629
:103FE00007461146A86903F0C5FA0446314638462B
:103FF00003F08CFB696903F0BDFA214603F028F950
:10400000BDE8F04103F04EBA5C000020FEB500248C
:10401000094F4FF4807501263819CDE900060123B8
:104020000022782102950548FDF7CCFD641CE4B21E
:104030001B2CF1D3FEBD000000000020F800002082
:10404000490050EAC12018BF04204A0D18BF40F0B3
:10405000010040F2FF72B2EB515F08BF40F0020076
:10406000012808BF052070470907090E002804DB56
:1040700000F1E02080F80014704700F00F0000F11C
:10408000E02080F8141D70472DE9F0414F1E00EB31
:10409000C7010446D1E9000115461E4637F0060265
:1040A0000DD02A46334602F0CDFD7F1E04EBC70338
:1040B000D3E9002302F062FB37F00602F1D1022FB0
:1040C00025D0042F13D0062F18BFBDE8F0812A4653
:1040D000334602F0B7FDD4E90A2302F04FFB2A462B
:1040E000334602F0AFFDD4E9082302F047FB2A462D
:1040F000334602F0A7FDD4E9062302F03FFB2A462F
:10410000334602F09FFDD4E9042302F037FB2A4630
:10411000334602F097FDD4E9022302F02FFB2A4632
:10412000334602F08FFDD4E90023BDE8F04102F0F0
:1041300025BB012203F09DBB02F020BB00221346E9
:104140001046114602F0D6BB024A0020110703F0C8
:1041500090BB000001FDFFFF30380A2801D201208A
:10416000704700207047002800DC40427047000084
:104170002DE9FE4F07460E460025684600F0F8FF81
:1041800000246FF00F0AE8464FF0010957F82400A9
:1041900056F82410401A00D5404203F0BFF95146AA
:1041A00003F095FB58F8241011F0FF4F0BD003F0EB
:1041B000B7F84FF07E5103F0B3FA0A4920F00040FF
:1041C000884205DC07E0084908440849884202D3D0
:1041D00009FA04F00543641C032CD7DB2846BDE82C
:1041E000FE8F0000295C0F3E666666C19A99D90071
:1041F0002DE9F04D8D4F21F0004A86B005460C4662
:10420000BA452ADBAAEB070028430AD08848824532
:1042100001DC1AD1CDB106B02846BDE8F04DFFF75C
:1042200088BF844A844B284602F00CFD07460E46A0
:10423000824A834B2846214602F004FD06B03A46E6
:104240003346BDE8F04D02F099BA0120FCF7A1F920
:1042500006B0BDE8F04DFFF771BF7A48824542DAFB
:10426000BAF1795F0BDA2846FFF7EAFE042808BFA7
:10427000FFF76AFF284606B02146BDE8F08D2A46C2
:104280000B46104602F0DEFC834602466E480E46A0
:104290000B4606217844FFF7F7FE5A46334602F0F4
:1042A000D1FC804669488A465A4633460421784400
:1042B000FFF7EAFE5A46334602F0C4FC00223B46B2
:1042C00002F05CFA02460B464046514602F012FBF1
:1042D0002A46234602F0B6FC06B02A462346BDE82D
:1042E000F04D02F04BBA284624F0004100223D4632
:1042F0003B4602F0A5FD4FF0FF3203F0BAFA064646
:10430000024653480F460B4606217844FFF7BCFE91
:1043100032463B4602F096FCCDE900014D4832465C
:104320003B4604217844FFF7AFFE32463B4602F09D
:1043300089FC00222B4602F021FA83460291304686
:10434000394602F0ADF9804643480D46504517DC2A
:10435000DDE900015A46029B02F0CCFA42462B46A8
:1043600002F070FC42462B4602F008FA012203F0EC
:1043700080FA304A304B02F055FE304A304B4CE068
:104380004FF0000A52460B46404602F0F7F9CDE9DD
:10439000031052462B461046194602F053FC324693
:1043A0003B4602F04DFDDDE9033202F0A3FA06467A
:1043B0000F46DDE900015A46029B02F09BFA834654
:1043C000009101223046394603F053FA194A1A4B3C
:1043D00002F036FD06460F4601224046294603F00C
:1043E00048FA5A46009B02F02DFC32463B4602F04A
:1043F00019FE06460F4601225046294603F039FAB7
:104400000E4DDFF858802A46434602F019FD324629
:104410003B4602F015FD2A46434602F011FD002CF2
:10442000D8BF81F0004106B0BDE8F08D0000F03F3C
:104430000000F07F075C143326A6913C182D4454ED
:10444000FB21F93F0000E03FF04C0000064D00006A
:104450007A4C0000904C00003333EF3FFB21E93FE2
:104460002DE9F84F04460D4621F0004000917349B4
:10447000814211DC7249884201DC06D12CB1204610
:104480002946BDE8F84FFFF754BE6E48002DCCBF5B
:104490006D496E49BDE8F88F6D49814211DD6D4966
:1044A0008142D8BF4FF0FF366DDD20462946FFF729
:1044B000C7FD042808BFFFF747FE20462946BDE890
:1044C000F88F6549654F25F00045814233DD644929
:1044D000814219DD002632464FF0804320462946AE
:1044E00002F04CF980468A4601222046294603F014
:1044F000C0F900223B4602F095FD4246534602F0C9
:10450000F9F904460D463EE001260022BA463B4634
:104510002046294602F032F980460F4600225346D3
:104520002046294602F07EFD42463B4602F0E2F973
:1045300004460D4627E04B4981421BDDDFF828A1E8
:104540000226002253462046294602F07BFB002229
:104550003B4602F013F980460F46002253462046A0
:10456000294602F05FFD42463B4602F0C3F904468D
:104570000D4608E0032622462B4600203B4902F068
:10458000B9F904460D4622462B461046194602F05C
:1045900059FB8B46824602460B4602F053FB074608
:1045A0000246334888460B4606217844FFF76CFDE7
:1045B00052465B4602F046FB82462E488B463A4600
:1045C000434605217844FFF75FFD3A46434602F033
:1045D00039FB02460B46002E504659460CDA02F0D3
:1045E000CDF822462B4602F02DFB01B022462B4689
:1045F000BDE8F04F02F024BC02F0C0F822462B4682
:1046000002F020FB1C4A7A4402EBC603D3E90023E4
:1046100002F008FD22462B4602F004FD174A7A44B8
:1046200002EBC603D3E9002302F00AFC009A002A39
:10463000B8BF81F00041BDE8F88F000000001044D1
:104640000000F07F182D4454FB21F93FFB21F9BFF6
:104650000000DC3F0000203E0000F33F0000F03F80
:104660000000E63F008003400000F83F0000F0BF7C
:10467000924A0000504A0000EE490000B64900008E
:104680002DE9F04D9446CCF1000423F000464CEAAD
:104690000404594F46EAD4749A46884621F00042F1
:1046A000BC4206D8454240EA050442EAD474BC4202
:1046B00004D9BDE8F04D6246FFF73EBDAAF1405572
:1046C000A5F17F6555EA0C040BD0022404EAAA7414
:1046D0004A4DDFF82CE144EAD87452EA000B04D0CA
:1046E0000CE0BDE8F04DFFF7BBBE002C14BF012C61
:1046F000BDE8F08D022C30D0032C32D056EA0C0BE2
:104700000AD0BE4220D1BA4209D126F0804622F01A
:1047100080423346114617E000291ADB25E0DFF816
:10472000E4B0FB44002C04BFDBE90001BDE8F08DE0
:10473000012C02BFDBE9000181F00041BDE8F08DF2
:10474000022C0AD0032C0CD0BA4212D1B8F1000FBF
:104750000BDA2A482C49BDE8F08D28462B49BDE8E4
:10476000F08D28467146BDE8F08D24482849BDE803
:10477000F08D921B12153C2AC4BF204F244E10DC32
:10478000BAF1000FBEBF12F13C0F00273E4608DB16
:10479000624602F0AFF821F00041FFF761FE0746E4
:1047A0000E4694B1012C08BF86F000460DD0194A80
:1047B000194B022C3846314615D002F033FC2A46FC
:1047C000BDE8F04D114B02F02DBC002213463846D7
:1047D000314602F0E7F904BF0220FBF7DAFE384663
:1047E0003146BDE8F08D02F01DFC2A46BDE8F04DD3
:1047F000064B02F025BB00000000F07F182D44544A
:10480000FB2109C04A490000FB21F9BFFB210940F7
:10481000FB21F93F075C143326A6A13C08B560B123
:1048200020208DF8000028208DF8010030208DF820
:10483000020038208DF8030004E0A322042168461A
:10484000FBF7F9FD6A46042140F69E2001F092FE36
:1048500001F050FB08BD00003EB5044602208DF873
:104860000000CA208DF80100E3208DF80200092025
:104870008DF803006A460421682001F07BFEA32026
:104880008DF80000610609D5C0218DF80110C821FE
:104890008DF80210C2218DF8031005E08DF801009B
:1048A0008DF802008DF8030014F4C07F09D0C421F4
:1048B0008DF80410CC218DF80510C6218DF8061056
:1048C00005E08DF804008DF805008DF806008DF8E0
:1048D00008008DF807008DF809006A460A2140F6A5
:1048E000A72001F047FEA0074FF0D80503D02020F5
:1048F0008DF8000001E08DF800506A46012140F675
:10490000B62001F037FEA00601D5012000E000200E
:1049100000F08EF814F4C07F1ED0E0050AD5B22056
:104920008DF800008B208DF80100B6208DF8020074
:104930009B2009E0B0208DF8000080208DF8010058
:10494000B4208DF8020090208DF803006A460421FF
:1049500040F6A22001F00EFEE1074FF40B6022D0DA
:10496000F8218DF800106A46012101F003FEFA21BA
:10497000072000F049FB072000F014FB012000F0A5
:1049800031FB642000F0D4FB4FF4FA7000F0E0FB40
:10499000C821254800F0CEFA282000F0E3FA0A20CA
:1049A00000F0F0FA05E08DF800506A46012101F0B0
:1049B000E1FDA00703D5D9208DF8000001E08DF8B6
:1049C00000506A46012140F23D7001F0D3FD6007BE
:1049D00001D5012000E0002000F048F8E00601D5F4
:1049E000012000E00020FFF719FF104D44F00800FF
:1049F000688101F07FFA0020A873600601D50620C7
:104A0000A87314F4C07F02D0A87B801DA87314F093
:104A1000140F02D0A87B1030A873A00702D0A87B87
:104A2000001DA87300203EBD09E3CA02D400002087
:104A30000EB54FF4976310B106A107C901E008A2B3
:104A400007CA8DE807006A460921184601F092FD61
:104A50000EBD0000B8AAB38DB4980D355D000000FE
:104A6000B8AAAAAAB088C3C5C700000008B560B13B
:104A7000C0208DF80000C2208DF80100C4208DF800
:104A80000200C6208DF8030004E08B220421684652
:104A9000FBF7D1FC6A46042140F6982001F06AFD3C
:104AA00001F028FA08BD0000C8234FF480620249D3
:104AB00040F6F63001F000B9648300082DE9FF4F9D
:104AC00089B01746DDE916520024544E88468146C7
:104AD0002C80A246B07B694601F09AF94FF0FF3B6B
:104AE00018B158460DB0BDE8F08F708910F0140F62
:104AF0004CD0BDF800109DF8022049BA090441EAE3
:104B000002239DF803100B433B60BDF804109DF891
:104B1000062049BA090441EA02229DF807101B1435
:104B20000A437A60BDF808109DF80A4049BA0904A2
:104B300041EA04219DF80B4012142143B960BDF8ED
:104B40000C409DF80EC064BA240444EA0C2C9DF875
:104B50000F4009144CEA040CC7F80CC04FEA2C476C
:104B60005B43494302FB023207FB07111144102447
:104B7000A1F17061B1F1007F04D901F0BBF9A5F892
:104B800000A0AEE7298841F4807129804206694679
:104B900011D50A19A41D13885BBAA8F800305388F0
:104BA0005BBAA8F80230928852BAA8F804202A8882
:104BB00042F008022A8010F4C07F11D00A19A41D07
:104BC00013885BBAA9F8003053885BBAA9F80230A1
:104BD000928852BAA9F804202A8842F070022A80EA
:104BE000800716D00C44E07800F0C00500F03F01CB
:104BF0006078C00706D0C80801F007013268491C78
:104C000002B190476078000703D5716809B1A8091F
:104C100088470C9800F0D2FD002063E7D400002004
:104C20002DE9FF41044603A800F02EFFBDF80C005B
:104C3000410CC3032F48008900F0030254F82250AE
:104C4000420700D56D42C0F3C102860654F8222007
:104C500000D55242C0F38116C00554F8264000D555
:104C60006442A5FB0367E81700FB037005FB010026
:104C7000850045EA9670A2FB0367D51705FB03750F
:104C800002FB0152950045EA9672A4FB0367E51703
:104C900005FB037304FB01318B0043EA9671030E9D
:104CA0008DF80030030C8DF80130030A8DF80230C6
:104CB0008DF80300100E8DF80400100C8DF805001F
:104CC000100A8DF80600080E8DF80800080C8DF803
:104CD0000900080A8DF80A008DF807208DF80B10DE
:104CE0006A460C214FF4257001F044FC04B0BDE885
:104CF000F0810000D400002030B5044613A285B036
:104D000007CA8DE807004FF0FF35C82C16D8C82019
:104D1000B0FBF4F1491E080A8DF80C008DF80D1057
:104D200003AA022140F2162001F024FC30B96A46A1
:104D30000C2140F6C12001F01DFC10B1284605B041
:104D400030BD054884810020F9E70000FEF2ABC4C5
:104D5000AAF1DFDFBBAFDFDFD4000020F8B53049B8
:104D6000098901F0030250F822404A0700D5644245
:104D7000C1F3C1028B0650F8222000D55242C1F384
:104D8000811350F82330C80500D55B42254984FBC8
:104D90000140850045EA947082FB0142A40F44EA79
:104DA000820483FB0121950F45EA8105010E8DF8F0
:104DB0000010010C8DF80110010A8DF802108DF819
:104DC00003006A4604214FF4747001F0D3FB4FF0E6
:104DD000FF3688B9200E8DF80000200C8DF80100F8
:104DE000200A8DF802008DF803406A4604214FF432
:104DF000757001F0BFFB08B13046F8BD280E8DF884
:104E00000000280C8DF80100280A8DF802008DF8AA
:104E100003506A4604214FF4767001F0ABFBF8BDF5
:104E2000D400002009E3CA022DE9FF4104463CA05A
:104E300004F00303006802903AA0006803903AA0CF
:104E400006683AA0056802A8C15C8DF80010C4F39A
:104E5000C101425C8DF80120C4F38112805C8DF8A1
:104E6000020003A8C35C8DF80430415C8DF8051086
:104E7000805C8DF806006A46032140F2264001F06E
:104E800079FB4FF0FF37E0BB01AA032140F22A4033
:104E900001F070FBA8BBCDE9006560070BD59DF85C
:104EA000000040F001008DF800009DF8040040F083
:104EB00001008DF80400A0060BD59DF8010040F01C
:104EC00001008DF801009DF8050040F001008DF80B
:104ED0000500E0050BD59DF8020040F001008DF8BB
:104EE00002009DF8060040F001008DF806006A46B9
:104EF00003214FF4886001F03DFB10B901AA0321A2
:104F000000E004E040F2314001F034FB18B13846D3
:104F100004B0BDE8F081064804810020F8E70000F5
:104F20004CCD6C000CC92C00365676002646660027
:104F3000D40000204FF47A7290FBF2F008B5484399
:104F4000010E8DF80010010C8DF80110010A8DF88A
:104F500002108DF803006A4604214FF4AE7001F090
:104F600009FB08BD0521B0FBF1F008B5010A8DF879
:104F700000108DF801006A4602214FF4AD7001F077
:104F8000F9FA08BD0521B0FBF1F008B5010A8DF86A
:104F900000108DF801006A4602214FF4AC7001F058
:104FA000E9FA08BD08B500218DF80010C10702D04C
:104FB00030218DF80010810705D59DF8001041F0D3
:104FC0000C018DF80010400705D59DF8000040F059
:104FD00003008DF800006A4601214FF4A47001F02F
:104FE000C9FA08BD08B560B1042800D90420401EE4
:104FF0008DF800006A46012140F24F1001F0BAFA24
:1050000008BD0120F3E700002DE9FC4105464007FB
:105010004FF0FF367CD0B1F5C86F79D8084602F062
:1050200095FA3E4902F07CF9074601A800F00EFD12
:105030009DF80400022806D004280DD008282ED0A0
:10504000102865D134E00E21384602F040FC02F011
:1050500045FA84B2324907E00D21384602F037FCA8
:1050600002F03CFA2F4984B2384602F083FA02F08B
:1050700035FA210A8DF8001080B28DF80140010A3E
:105080008DF802108DF80300E8076C4620D0224608
:1050900002214FF4EA7001F06DFAC8BB11E00C2157
:1050A000384602F014FC02F019FA84B21E49DBE71C
:1050B0000B21384602F00BFC02F010FA84B21B49B7
:1050C000D2E7A21C02214FF4927001F053FAF8B912
:1050D000A8070DD56A4602214FF4EC7001F04AFA98
:1050E000B0B9A21C02214FF4947001F043FA78B9D0
:1050F000680710D56A4602214FF4EE7001F03AFAC3
:1051000030B9A21C02214FF4967001F033FA10B1AD
:105110003046BDE8FC810020FBE70000000048436A
:10512000000040460000C045000040450000C0446B
:105130000521B0FBF1F008B5010A8DF800108DF8DB
:1051400001006A4602214FF4EF7001F013FA08BD26
:105150000521B0FBF1F008B5010A8DF800108DF8BB
:1051600001006A4602214FF4ED7001F003FA08BD18
:105170002DE9FE430646264801AB042240680D2176
:105180000078FEF76BF910B10720BDE8FE839DF8AB
:1051900004101C2000EAD1029DF80710DFF874907B
:1051A000C1F301131A438DF800209DF80520C1F3C7
:1051B000810300EAD2021A438DF801209DF80620EF
:1051C00001F0030100EAD20008430024124F8DF8D9
:1051D0000200A0466D46285D10B146F824900AE012
:1051E00046F824800DE000BF56F82400394602F04E
:1051F000C1F946F82400285D401E10F0FF00285534
:10520000F2D1641CE4B2032CE5D30020BDE700001A
:105210001C0000207B14AE3E1D5A843F2DE9FE4F3A
:1052200005460120C14E8DF800004FF000088DF8B2
:10523000018030680C461746817C70686B460222FC
:105240000078FEF798F94FF0FF3A00287AD1C8208D
:10525000FCF7A2FA8DF8008030686B460122C17B12
:1052600070680078FEF787F90028EFD130686B4648
:105270000122417970680078FEF77DF90028E5D1B8
:1052800030686B460122817C70680078FEF773F904
:105290000028DBD130686B460122C17D7068007840
:1052A000FEF769F90028D1D130686B4601220179F7
:1052B00070680078FEF75FF90028C7D14FF00C093D
:1052C0008DF8009030686B46012201797068007893
:1052D000FEF751F9002835D10F20FCF75DFAB06ACE
:1052E0006B460122407A8DF8000030688178706842
:1052F0000078FEF740F9002824D1B06A6B460122FD
:10530000007A8DF800003068417870680078FEF708
:1053100032F9002873D1B06A807A0FB140F0E00012
:105320008DF8000030686B46012281797068007842
:10533000FEF721F9002862D12FB1B06AC07A40F09F
:10534000E00001E04AE018208DF8000030686B466C
:105350000122C17970680078FEF70DF9F0BB17B132
:10536000C820FCF719FA40208DF8000030686B4621
:105370000122017970680078FEF7FDF870BB782093
:105380008DF8000030686B46012241797068007822
:10539000FEF7F1F810BB3220FCF7FEF98DF8008023
:1053A000306847466B464179706801220078FEF705
:1053B000E2F898B931687068B046897A00786B462F
:1053C0000222FEF74BF848B9BDF80000AF6040BAC2
:1053D000B0FBF9F06F60C6B22F6000E00FE0A7608D
:1053E00067602760002739E0D8F80010D8F804007B
:1053F0006B46C97A00780C22FEF730F810B150469F
:10540000BDE8FE8FBDF80000236840BA00B2BDF8C9
:105410000210BDF804201844206049BA606809B23F
:105420000844606052BAA06812B21044A060BDF88F
:1054300006002B6840BA01B2BDF80800BDF80A208A
:105440001944296040BA696800B20844686052BAD9
:10545000A86812B210447F1CFFB2A860B742C3D341
:1054600028688322C117090441EA1041000400237F
:10547000FAF7BAFE32460023FAF7B6FE28606868EB
:105480008322C117090441EA104100040023FAF7FE
:10549000ABFE32460023FAF7A7FE6860A8688322B5
:1054A000C117090441EA104100040023FAF79CFEE9
:1054B00032460023FAF798FEA86020684FF4006592
:1054C000C117090441EA104100042A460023FAF7F3
:1054D0008BFE32460023FAF787FE206060682A467A
:1054E000C117090441EA104100040023FAF77CFEC9
:1054F00032460023FAF778FE6060A0682A46C1179A
:10550000090441EA104100040023FAF76DFE324617
:105510000023FAF769FEA060002802DDA0F58030C4
:1055200001E000F58030A060002069E71C00002049
:105530002DE9F84F81462E488846002540686B4685
:10554000032200780D21FDF789FF10B10720BDE887
:10555000F88F9DF80000002400F01F008DF8000077
:105560009DF801006FF00F0B00F01F008DF8010097
:105570009DF802006E4600F01F008DF802004FF00B
:10558000010A00BF59F8241058F82400081A00D561
:10559000404201F0C3FF594602F099F90746305DD9
:1055A000C0B1144802E0144901F0E4FF315D491E26
:1055B00011F0FF013155F6D10146384601F0B0FE39
:1055C0004FF07E5102F0ACF80C4920F000408842C8
:1055D00005DC07E00A483844B0F1D97F02D90AFA5D
:1055E00004F00543641C032CCCDB2846AFE7000025
:1055F0001C0000200000C84154E3853F295C0F3E99
:105600000000E0BE00B5024600F00DF80346D01CD5
:1056100000F009F843EAC003901D00F004F843EAE3
:10562000801080B200BD90F90010002902DD4FF01B
:105630000000704702DA4FF00400704790F9011043
:10564000002902DD4FF00100704702DA4FF005003B
:10565000704790F90200002802DD4FF00200704709
:1056600002DA4FF0060070474FF007007047000065
:10567000FCF780FBFEF72AFAFDF7A6FFFEF718F805
:10568000FEF7C4F8FEF734F8FEF78CF8FEF7F2F8F0
:10569000FEF726F9FEF75CF9FEF740F9FDF786FE06
:1056A00000F086F9002110232AA20846FEF7AEF981
:1056B000002211461720FCF7BBFB1720FCF7AAFBC2
:1056C00000212748FDF75EF90C212548FDF75AF91E
:1056D0003C212448FDF740F83C212348FDF73CF8E5
:1056E000012222492248FDF745FB00210846FDF72B
:1056F000E7FDFEF713F91F4C1F4D204E204A1D49B0
:10570000204800F087F820A123482A68FAF790FD86
:1057100000211023204A0846FEF778F91FA11E48F1
:105720003268FAF785FD10231B4A02210020FEF79C
:105730006DF9206801F060FD02460B461BA116487A
:10574000FAF776FD1023144A04210020FEF75EF9D3
:10575000D4E70000496E6974205375636573730064
:105760004C0100209401002024020020C1000020F0
:105770006C0200209C00002090000020940000207B
:10578000A000002098000020456E636F6465725F82
:105790004C3A256420202000E4000020456E636F11
:1057A0006465725F523A256420202000726F6C6C31
:1057B0003A252E31662020200000000070470000AE
:1057C0002DE9F041124C20F00101002594F824004D
:1057D00010B10020BDE8F081A07A4FF0FF3668B12B
:1057E0000840277C2074884200D0354641B1012012
:1057F00000F02AFF00F07EFB38B127743046E9E75D
:10580000207D00B1012000F01FFF2846E2E70000E4
:105810001C0000202DE9F74F8EB00CA902A8CDE99D
:1058200000010BAB03AA09A907A8FFF747F918B1B4
:10583000012011B0BDE8F08FBDF80800C0057DD58E
:10584000039801F06BFE6FF01D04214602F03FF853
:105850008246049801F062FE214602F038F8814643
:10586000059801F05BFE214602F031F8804606986B
:1058700001F054FE214602F02AF805460121504667
:1058800002F025F80646414601F074FE04464FF04A
:105890004041484601F06EFE0746294601F06AFE87
:1058A000214601F0D5FC01F0A7FCFEF7A1FC4FF06A
:1058B000663B5A463D4B01F0C5F900F02DFF0E99AD
:1058C00008600121404602F002F84146009001F0D4
:1058D00051FE04463846494601F04CFE214601F08F
:1058E0001FFF4FF07E5101F0B3FC01F085FC07462D
:1058F0000C463046494601F03DFE064629460098D2
:1059000001F038FE314601F0A3FC01F075FC3A4687
:105910002346FEF7B5FE5A46244B01F093F900F0FA
:10592000FBFE0F9908602946084601F023FE074652
:105930004146084601F01EFE064600E034E04946B6
:10594000084601F017FE04465146084601F012FED3
:10595000214601F07DFC314601F0E2FE394601F0BE
:10596000DFFE01F049FC06460C462946504601F090
:1059700001FE05464146484601F0FCFD294601F07E
:1059800067FC012101F0A3FF01F036FC32462346FB
:10599000FEF776FE5A46054B01F054F900F0BCFEC6
:1059A00010990860002044E7022042E766A64C40B8
:1059B00010B5FDF77FFB00F0EDF808B10A2010BD2F
:1059C000782000F07BFD10F0FF0F01D0012010BD0A
:1059D0007820FFF7F5FE10F0FF0F01D0022010BD78
:1059E000642000F02BFD10F0FF0F01D0032010BD4C
:1059F000FFF75AF810F0FF0F01D0042010BD124835
:105A0000FFF700FEFFF710FA10F0FF0F01D005209E
:105A100010BD40F27310FEF71FFF10F0FF0F01D012
:105A2000062010BD6420FFF767F910F0FF0F01D0CA
:105A3000072010BD00F0C8FD012000F025FC10F08B
:105A4000FF00F6D0092010BD480000200D494A7A19
:105A500042B1012A08D0022A0FD0032A0FD04FF0FA
:105A6000FF307047022200E004220270C97C11B1AD
:105A70001106C90D0170002070470822F5E71022B9
:105A8000F3E700001C0000200F494A7A42B1012AC6
:105A900009D0022A11D0032A12D04FF0FF307047EC
:105AA0004FF4804201E041F69C720280C97C11B142
:105AB000C2F34E010180002070474FF48052F4E79A
:105AC0004FF40062F1E700001C0000200B49097A46
:105AD00039B1012907D002290AD003290BD00021AE
:105AE00003E0FA2101E04FF4FA71018000207047D1
:105AF0004FF47A71F9E74FF4FA61F6E71C000020E1
:105B00000A49097A41B1012908D002290AD003299A
:105B10000AD04FF0FF307047054900E005490160A9
:105B2000002070470449FAE70449F8E71C00002008
:105B30000000034300008342333303423333834185
:105B40000C49C97A072913D2DFE801F01204060ACA
:105B50000C0E1000BC2100E0622101800020704783
:105B60002A21FAE71421F8E70A21F6E70521F4E7EC
:105B70000021F2E71C000020054991F8242012B111
:105B80004FF0FF307047C989018000207047000046
:105B90001C0000202DE9FC41464C80208DF80000BF
:105BA00020686B460122817C60680078FDF7E3FC89
:105BB0004FF0FF37002875D16420FBF7EDFD00257D
:105BC0008DF8005020686B460122817C6068007867
:105BD000FDF7D1FC002865D120686B460622817D47
:105BE00060680078FDF73AFC00285BD19DF805005D
:105BF0009DF80310C007400F01F0010140EA410089
:105C00009DF801104FF0010601F00101084304D096
:105C1000012831D0022810D044E020686B460122D0
:105C2000C17860680078FDF719FCD8BB9DF80000CA
:105C300010F00F0036D004281ED0E574FF2004F8C1
:105C40000A0F4FF6FF7104F8020C04F8010C6070A3
:105C5000A180A0712072A67026766576E572A57285
:105C6000E56025616561A576E576A5834FF4FA6068
:105C700000F046FBB0B901E0E674DFE7022000F077
:105C800061FA78B92A2000F0A3FB58B9322000F05D
:105C9000D5FB38B90020FFF793FD18B9002000F0BC
:105CA00085FA10B13846BDE8FC81002000F006FC02
:105CB0000020F8E71C0000202DE9FF4FDFF894805A
:105CC000064685B098F8250015460F464FF0FF3977
:105CD000B0BBAFB3002420E0301B102800DD102043
:105CE00080B283463A1901469246204600F042FCB3
:105CF00030BB6A465946204600F0D2F800BB5046F9
:105D00005A466946FAF76BFB20B16FF0010009B003
:105D1000BDE8F08F04EB0B0084B2B442DCD3280A58
:105D20008DF810008DF81150D8F80000444604ABEF
:105D3000817ED8F8040002220078FDF71CFC08B12F
:105D40004846E4E7012084F825000898E084002014
:105D5000DDE700001C0000202DE9F84305464FF068
:105D6000FF39282844D80727284C00267DB1012078
:105D700000F0FCFA20208DF800004FF00108012D02
:105D800017D0052D18D88DF8018005201FE00020C0
:105D900000F0ECFA8DF800608DF8017020686B4619
:105DA0000222817C60680078FDF7E5FB00BB267568
:105DB00029E08DF80160E8E7142D04D802208DF861
:105DC00001000A2003E003208DF80100142000F0F8
:105DD000FFFA9DF801006B4607EB80108DF801007B
:105DE00020680222817C60680078FDF7C4FB10B156
:105DF0004846BDE8F8830820A072267384F8148012
:105E00000020FFF7DDFC0020F3E700001C0000206D
:105E10002DE9F843214C0646174694F8240089469C
:105E20004FF0FF3890B3A07A80B320686B4602220F
:105E3000817A60680078FDF711FB38BBBDF800007F
:105E400045BAB54202D2002038701FE06068418830
:105E5000B5EB510F11D9216800786B46497C0122BE
:105E6000FDF7FCFA90B99DF80000C00605D500F0DA
:105E700041F86FF00100BDE8F8832068F2B24B46AC
:105E8000C17A60680078FDF7E9FA08B14046F2E7A8
:105E9000B5FBF6F0401E38700020ECE71C00002037
:105EA000F8B516000D464FF0FF371FD0104CA17A01
:105EB000E1B1010A8DF80010C0B28DF8010041195E
:105EC00060684289914211D8216800786B46097E4A
:105ED0000222FDF750FB48B92068EAB23346417D03
:105EE00060680078FDF7BAFA002800D03846F8BD9F
:105EF0001C000020F8B5564C4FF0FF36A07A002861
:105F00007DD000258DF8005020686B460122C17BB2
:105F100060680078FDF72FFB002870D120686B4681
:105F20000122417960680078FDF725FB002866D1E1
:105F300020686B460122017960680078FDF71BFB41
:105F400000285CD194F82400E0B30C208DF8000008
:105F500020686B460122017960680078FDF70BFB31
:105F6000002872D13220FBF717FCC0208DF800000A
:105F7000A07AC00702D0E0208DF8000020686B46B0
:105F80000122017960680078FDF7F5FA00285CD1FC
:105F9000607C18B102208DF8000001E08DF80050FF
:105FA00020686B460122C17B60680078FDF7E3FA48
:105FB00028BB8DF8005020686B460122417960684B
:105FC00000783EE0FFE704208DF8000020686B4673
:105FD0000122017960680078FDF7CDFA78B9A07CDC
:105FE00090B9A07AC0070FD05FF060008DF8000074
:105FF00020686B46012201796068007800E024E0A7
:10600000FDF7B9FA08BB01E04020EFE73220FBF7CB
:10601000C3FB607C18B101208DF8000001E08DF811
:10602000005020686B460122C17B60680078FDF754
:10603000A2FA50B92068064B0122417960681033FA
:106040000078FDF798FA002800D03046F8BD00002F
:106050001C0000202DE9F047394C82468AB094F8A4
:1060600024000F4620B1002000F00EF9012600E0C8
:10607000002607A8FFF72AFD06A8FFF7E7FC09A8F6
:10608000FFF75EFD08A8FFF777FD94F80A9094F8F3
:1060900010800025002239465046FFF7BFF810B1A6
:1060A0006D1C022DF6DB022D1AD00025012203A95A
:1060B0006846FFF7B3F810B16D1C022DF6DB022D18
:1060C0000ED003A93846FEF753F8C7B269465046CA
:1060D000FFF72EFA10F0FF0F4FF0000502D002E09C
:1060E000002503E001250FB945F00205FF202072CD
:1060F0006072E0724FF6FF71E181A072207401209E
:106100002073BDF81C0000F0FBF89DF8180000F0AB
:1061100019F8BDF8240000F05BF9BDF8200000F08C
:106120008DF9484600F0CAF94046FFF749FB16B121
:10613000012000F0A9F80AB02846BDE8F087000069
:106140001C00002038B5184C4FF0FF35A17A19B368
:10615000022806D0042806D008280ED010281BD10B
:106160000DE0002000E008208DF80000607A9DF826
:106170000010B0EBD10F04D005E01020F4E7182098
:10618000F2E7002038BD20686B460122C1796068C3
:106190000078FDF7F0F908B1284638BD9DF80000F9
:1061A000C0086072EDE700001C000020F8B5354C17
:1061B0000546A07CA84201D10020F8BD31484FF02F
:1061C000FF366B46D0E900104FF0010209790078E4
:1061D00035B3FDF743F970BB9DF800006B4620F026
:1061E00020008DF8000020680122017960680078A5
:1061F000FDF7C1F9F8B90320FBF7CEFA02208DF8BC
:10620000000094F8220078B382202BE020686B46CF
:106210000122017D60680078FDF7ADF958B92EE0E4
:10622000FDF71CF938B9A07AC0079DF8000003D02B
:1062300040F0200002E00CE020F020008DF800008B
:1062400020686B460122017960680078FDF793F9B8
:1062500008B13046F8BD0320FBF79EFA94F82200FF
:1062600000B180208DF8000094F823000028CDD0E4
:106270009DF8000040F030008DF80000C6E7A574DE
:106280009AE700001C00002038B51C4C94F824103C
:1062900081421DD0002500B394F82500D0B1002024
:1062A00000F0D2F90020FFF781FFE08C00F0C6F883
:1062B0008DF8005060686B46012200782321FDF7BD
:1062C0005AF9012084F8240000F0BEF9FFF712FE0D
:1062D000002038BD4FF0FF3038BD002000F0B4F989
:1062E000207C8DF8000060686B4601220078232135
:1062F000FDF741F984F82450E8E700001C00002075
:1063000038B5194C4FF0FF35A17A31B3FA2809D0CE
:10631000B0F5FA7F08D0B0F57A7F0FD0B0F5FA6FFC
:106320001BD10DE0002000E008208DF80000207A4D
:106330009DF80010B0EBD10F04D005E01020F4E779
:106340001820F2E7002038BD20686B4601228179D1
:1063500060680078FDF70FF908B1284638BD9DF850
:106360000000C0082072EDE71C00002038B5174C73
:10637000054694F82300A84201D1002038BD0DB194
:10638000302000E000208DF80000A07C28B19DF8AE
:10639000000040F002008DF8000094F8220028B1BF
:1063A0009DF8000040F080008DF8000020686B46EA
:1063B0000122017D60680078FDF7DDF810B14FF033
:1063C000FF3038BD84F82350D7E700001C000020C0
:1063D00038B5194C4FF0FF35A17A31B3BC2801D341
:1063E000012010E0622801D302200CE02A2801D30A
:1063F000032008E0142801D3042004E00A2801D374
:10640000052000E006208DF80000E07A9DF80010DD
:10641000884201D1002038BD20686B460122817876
:1064200060680078FDF7A7F808B1284638BD9DF8E8
:106430000000E072EEE700001C000020F8B51E4DE1
:1064400004464FF0FF37A87A48B395F8240030BBD4
:10645000287D4FF47A7648B164B1282C03D8E0B295
:10646000FFF77AFC26E00020FFF776FC042C05D22B
:10647000042406E00020FFF76FFCF9E7B44200D9DE
:106480003446B6FBF4F0401E8DF8000028686B46D9
:106490000122417868680078FDF76DF808B1384648
:1064A000F8BD9DF80000401CB6FBF0F0E881400804
:1064B000FFF78EFF0020F8BD1C000020F8B5054650
:1064C00010F0700F4FF0000601D0012004E015B16C
:1064D0008DF8006002E040208DF80000244C6B46EF
:1064E00001222068817C60680078FDF744F84FF055
:1064F000FF3760BB9DF8000020F0400020738DF84E
:106500000060680602D404208DF80000A80605D4B7
:106510009DF8000040F002008DF80000E80605D468
:106520009DF8000040F001008DF80000280705D418
:106530009DF8000040F038008DF8000020686B46A0
:106540000122C17C60680078FDF715F810B1A672D1
:106550003846F8BD25B1082D02D00020FFF706FF10
:10656000A57226753220FBF717F90020F8BD000050
:106570001C000020F8B516000D464FF0FF371FD065
:10658000104CA17AE1B1010A8DF80010C0B28DF86B
:106590000100411960684289914211D82168007850
:1065A0006B46097E0222FCF7E6FF48B92068EAB292
:1065B0003346417D60680078FCF7DDFF002800D09D
:1065C0003846F8BD1C00002010B588B0694604A804
:1065D000FFF740FD032802D0012008B010BD07A836
:1065E000FFF78EFA049800F099FF07990C4600F027
:1065F000C1FF00F057FF0490059800F08FFF21467F
:1066000000F0B8FF00F04EFF0590069800F086FFFE
:10661000214600F0AFFF00F045FF069004A8FEF70A
:106620009DFB03A8FFF730FABDF80C000099414329
:1066300000910199414301910299414368460291B9
:10664000FEF7EEFA0020C8E7F8B5144C01462246E2
:1066500094F82460D2E9000200235D1E56B179B19E
:10666000022111E0C17B10786B460122FCF783FF09
:1066700068B90EE0A67A56B111B1617C61B902E049
:106680008DF80030EEE701218DF80010EAE728468A
:10669000F8BD9DF8000060740020F8BD1C000020CB
:1066A0002DE9F04106460F4600F0D6FB041E0D46CC
:1066B00018BF0120284320F00040C0F17F6000F1A6
:1066C000E040C00F0ED0301C18BF0120384320F02E
:1066D0000040C0F17F6000F1E040C00F04BF012026
:1066E000F9F757FF20462946BDE8F08110B500298B
:1066F0000AD00878002807D005487844FAF72AFB22
:10670000002801D0002010BD0248784410BD0000D0
:10671000322A00002A2A000021F00042A2F1605231
:10672000B2F5801F01F0004328BFD2F17F6C0BD976
:106730005FEA001C43EAC20242EB507018BF704788
:1067400028BF20F001007047B2F5801FBCBF18467B
:1067500070474FEA410C1CF5001F02D2084600F0BA
:10676000D0BF70B500F018FB00000089FFF7F6BF3E
:106770004FF00040A0F580007047000010B591EA8E
:10678000030F48BF83F0004300F15484841A71EB77
:10679000030C05D2121943EB0C03001B61EB0C0137
:1067A000DFF824E14FEA1154A4EB135C1EEA430F17
:1067B00018BF9EEA445F73D023EA0E03DCF1200E7B
:1067C00021EA045143F4801332D322FA0CFE10EB79
:1067D0000E0023FA0CFE41EB0E01CCF1200E03FA61
:1067E0000EFE10EB0E0051F10001B1F5801FCCF14F
:1067F000200E32D201EB045112FA0EF2BDE8104025
:1068000058BF7047401C38BF5FEA420218BF70474C
:10681000002814BF20F0010041F100014FEA4103BC
:1068200013F5001F38BF7047A1F1C04100F002BB53
:10683000012A43EB0302ACF1200CDCF11F0E32BF46
:106840004FF0000E23FA0CF310EB030041EB045160
:10685000B4EB115FD0D0A1EB045101F580114908D0
:106860005FEA300001EB04510ED350F1000038BF55
:1068700012FA0EFE08D1BDE81040C9E7401C38BF2F
:106880005FEA4202CAD1C3E7BDE810404FEA4103C4
:1068900013F5001F38BF7047A1F1C04100F0CABA1C
:1068A0009EEA445F08D011EA5E0FBDE8104004BFC5
:1068B00001F0004100207047BDE8104070B500F0C5
:1068C0006BFA00BF64FBBE3E0000E0FF02494FF0E0
:1068D000000000F09CBF00BF0000F87F491058BFC7
:1068E000C1F140415B1058BFC3F140438B42EFF30D
:1068F000008070472DE9C04130B4DFF8A0C23CEA07
:10690000111418BF3CEA131400F0EC8081EA03056F
:106910001CEA111444EAD57418BF1CEA131500F0E0
:10692000C780A4EB05044FF0004545EAC12145EAC4
:10693000C32341EA505143EA525304F17F74994210
:1069400004F500344FEAC0204FEAC22208BF90424B
:1069500000F09C804FEA13650FF24016765D4FEA17
:10696000134506FB05F7C7F1807706FB07F74FEAEB
:10697000D737A7FB03687642C8F58038A7FB06CE59
:1069800038BFA8F1010807FB08E64FF0000EA6FB90
:10699000028CE6FB03CEDCF1000CCEF1004E38BFDA
:1069A000AEF1010EA6FB0C584FF000074FF00005AA
:1069B000E6FB0E87A1FB08C6A0FB07CE16EB0E0672
:1069C00045F10005E1FB076515F1E04E7EBFA4F53A
:1069D00080345FEA46066D4116F1800745F10005F7
:1069E0004FEA17274FEA066647EA0567A6F1DE4633
:1069F000B6F1805F4FEA15251FD9384624F0010C07
:106A000005EBC471BCF1FE6F01EB0C1102D8F0BCB8
:106A1000BDE8008124425CBF01F5801E9EEAC47F70
:106A200002D4F0BCBDE80081244238D4F0BCA1F10E
:106A3000C041BDE8004100F0FDB94FEAD22242EA70
:106A400043524FEAD323A7FB02864FEAD02040EA05
:106A5000415007FB03661EEA0E0F4FEAD12105FBEA
:106A6000026658BFA6EB0056B6EB00564FEA520E30
:106A70004EEAC37E18EB0E0E56EB530EBDD518EB47
:106A800002085E417F1C55F10005B6E74FF4801502
:106A90004FF000074FF000064FF00008ADE7F0BCE4
:106AA0004FF0000001F1C04101F00041BDE800815C
:106AB00011EA0C1F0CEA131500D00CE013EA0C1FAE
:106AC00000F025804FF00000F0BC81EA030101F0E6
:106AD0000041BDE80081F0BCBDE8004181EA03014E
:106AE00000F0A8B9F0BCBDE8004170B500F054F961
:106AF000097EFC3E00F007B881EA03014FF0000078
:106B000001F00041704781EA030100F093B9F0BC45
:106B1000BDE800414FF0000021497047FFFDFBF93F
:106B2000F7F5F4F2F0EEEDEBE9E8E6E4E3E1E0DEC0
:106B3000DDDBDAD8D7D5D4D3D1D0CFCDCCCBCAC832
:106B4000C7C6C5C4C2C1C0BFBEBDBCBBBAB9B8B759
:106B5000B6B5B4B3B2B1B0AFAEADACABAAA9A8A84C
:106B6000A7A6A5A4A3A3A2A1A09F9F9E9D9C9C9B1A
:106B70009A999998979796959594939392919190C5
:106B80008F8F8E8E8D8C8C8B8B8A89898888878756
:106B90008685858484838382828181800000FF07CB
:106BA0000000F87F51EA030C17D41CF5801F58BF72
:106BB000BCF5801F00F10680994218BF704708BFDE
:106BC0009042704707D711F5801F58BF13F5801FFB
:106BD00019D499427047894270471CF5801F08D527
:106BE000BCF5801FF7D58B4218BF704708BF8242A3
:106BF00070474FF4001C1CEB410F38BF1CEB430FD8
:106C000001D28B42704770B500F0C6F8922449005B
:106C10004FF000514FF08053FFF760BEB0FA80F3A1
:106C200010FA03F10AD0C3F11D0303F580634FEAA4
:106C300041504FEA035202EBD12170474FF0000060
:106C400070470000DFF848C170B51CEA111E1EBF76
:106C50001CEA13159EEA0C0F95EA0C0F00F06F80EA
:106C600081EA030423EA4C134EEAD47E21EA4C1154
:106C700041F4801143F48013AE44A1FB024CA0FB0D
:106C80000365AEF17F7E361955EB0C05A1FB034C75
:106C90004CF10003A0FB021C16EB0C06654153F1FE
:106CA0000003094218BF46F0010613F4007F0BD120
:106CB0004FEA03314FEA0530340341EA155140EA07
:106CC00016506FF003020AE04FEAC3214FEAC520D5
:106CD000F40241EA555140EA56506FF0020202EBCD
:106CE0002E4201EB025585EACE710AD05FEA440CD0
:106CF00018BF24F0004450F1000041F1000120EAE7
:106D0000D47040F2FE7C624500D270BDA84214BF30
:106D10004FF080444FF04044002E08BF0024BEF1E5
:106D2000806FA8BFA1F1C041BDE8704080F28280B1
:106D30004FF0000001F1C04101F0004170479EEAB0
:106D40000C0F0CEA131518BF95EA0C0F06D04FF084
:106D5000000081EA030E0EF0004170BD00F01CF847
:106D60008900013E00F007B800F009B84FEA430C73
:106D70005FEA5C5C08D081EA030100F05BB84FEA8F
:106D8000410C5FEA5C5CF6D14FF0000001497047AE
:106D90000000FF070000F87F0EF1020E2EF0030E38
:106DA0005EF8046B364205D4012A43EB030515F562
:106DB000001F12D8012841EB010C1CF5001F0CD854
:106DC0000ED14FEAD17C15F5001F0CEB4C0C0CF1E9
:106DD000020C08BF4CEBD37C04E04FF0080C01E040
:106DE0004FEAD37C0CEB4C0526FA05F606F00706B5
:106DF000B6F1040C06D20EEB860CBDE870404CF0E8
:106E0000010C6047DFE80CF0090B02024FF0004173
:106E10004FF00000A1F5002170BD19461046012871
:106E200051EB010418BFD4F5001484BF002001F019
:106E3000004170BD0808A0F500114FEA310170470C
:106E400091EA030F10B581F000413FF59FAC83F04C
:106E5000004300F0EFB800002DE9F04101F5801C7F
:106E6000BCF5001FC0F2C3804FEA115C21EA0C514F
:106E70000CF1FD0C41F480115FEA5C0C0CF5C07C58
:106E800001D3400049413DA4890241EA9051870263
:106E90008E0E0A0CA45D04FB04F602FB06F6C6F196
:106EA0004046A4FB0662F60D46EA422606FB06F4BF
:106EB000A4FB01235242C3F1404338BF5B1EA6FB33
:106EC00002420024E6FB0324D20B42EA4446A6FB1E
:106ED0000623A1FB02E2A3FB07E4A4184FF0000283
:106EE00052F10002E3FB01426442C2F1404E38BF5E
:106EF000AEF1010EA6FB04234FF00002E6FB0E32BA
:106F0000A2FB03464FF00004B61954F10004E2FB63
:106F10000264A1FB06E6A4FB07E816EB08064FF0A7
:106F2000000858F10008E4FB01687642C8F14058B7
:106F300038BFA8F10108A2FB06E4A3FB08E52D1960
:106F40004FF0000454F10004E2FB0854A1FB05E6F5
:106F5000A7FB04E818EB06084FF0000656F1000600
:106F6000E1FB048618F1200556F10006A809A8F1F6
:106F70001B08B10908F03F08B8F10A0F40EA866023
:106F80001CD901EB0C51BDE8F08100BFFCF5EEE827
:106F9000E2DDD8D3CFCBC7C3C0BDB9B6B4B1AEACB8
:106FA000A9A7A5A3A19F9D9B9A9896959392908F30
:106FB0008D8C8B898887868584838281A0FB00687D
:106FC00000FB01F208EB4208B8EB872807D534181C
:106FD00058EB0104D5D5401C51F10001D1E7341A1A
:106FE00078EB0104CDD4401E71F10001C9E75FEADE
:106FF0004C0C5FEA9C5C0DD105D34FF0000001F012
:107000000041BDE8F081BDE8F04170B5FFF7C4FE76
:107010006DDBFFBEBDE8F0414FF000000049704756
:107020000000F87F10B591EA030F48BF83F00043DA
:107030003FF5ACAB841A71EB030C07D212198CF03C
:10704000004C43EB0C03001B61EB0C01DFF8A4E1E7
:107050004FEA1154A4EB135C1EEA430F18BF9EEADB
:10706000445F00F0B08023EA6E03524221EA0451EB
:10707000C3EB6E0338BF5B1EDCF1200E25D322FA72
:107080000CFE10EB0E0043FA0CFE41EB0E01CCF1AE
:10709000200E03FA0EFE10EB0E0051F10001CCF1B0
:1070A000200E29D412FA0EF201EB0451BDE8104073
:1070B00058BF7047401C1CBFB2F1004F70470028FA
:1070C0000CBF491C20F00100704712EB020E43EB8D
:1070D000030218BF4FF0010E4EEA4202ACF1200C41
:1070E000DCF11E0E54D943FA0CFE10EB0E0051F1E8
:1070F000FF31CCF11E0ED5D50EF1010E12FA0EFEA7
:10710000404141EB010101EB445C5FEA5C5C10D95A
:1071100010EBDE7001EB045138BFBEF1004FBDE84B
:10712000104018BF704700280CBF491C20F0010018
:10713000704730D24FEAD42C11F5001124F40064CA
:107140001BD0B1FA81F20B3AA41AA41ED2F120038B
:10715000914030FA03F31943904001EBCC71002CBD
:1071600001EB0451BDE81040A8BF704701F1C041D8
:107170004FF0000001F000417047B0FA80F310FAC0
:1071800003F100D110BDE41A173C4805C90AE4E731
:1071900001EB045110BD491001EB0451BDE8104052
:1071A0004FEA300002E04FF0000170474A0008BF8C
:1071B0000042F8D0B2F5001F28BF704701F000412F
:1071C0004FF0000070479EEA445F07D011EA5E0F5F
:1071D000BDE8104004BF002100207047BDE810400A
:1071E00070B5FFF7D9FD00BF40DFF63E83F00041E8
:1071F000104670470000E0FF43004FEAD30C4FEA0F
:107200003C0C43401FBF40070CF1605113F0FE4F90
:1072100070471CF0006F03D100200CF00041704754
:107220000CF0004343EA507010B540EACC0000F087
:1072300022FA00BF000000924FEA0001FFF7FABDFA
:107240004FF000414FF00000A1F500217047000011
:1072500090EA010F48BF81F0004100F16882421AB4
:107260003CBF801A89184FEAD0524FF07F4C1CEA7D
:10727000410FA2EBD15318BF9CEA026F00F03B8094
:107280004FF0004C4CEA00204CEA012121FA03FCAB
:1072900010EB0C0C1ED202F1FF325FEA1C2040EB17
:1072A000C25038BF70471CF07F0F4FEA400C18BF28
:1072B000BCF17F4F38BF7047C3F12003994008BF2E
:1072C00020F00100BCF17F4F38BF7047A0F1C040F3
:1072D00000F017BA4FEA3C00000A40EBC25028BF4A
:1072E0001CF0FF0F4FEA400CE6D018BFBCF17F4FF7
:1072F00038BF7047EAE79CEA026F05D010EA5C0FDE
:1073000008BF00F00040704710B500F0B4F900BFAE
:1073100064FBBE3E014800F07ABA00BF0000C07FA7
:107320004FF47F0C1CEAD0121EBF1CEAD11392EA64
:107330000C0F93EA0C0F00F0858090EA010F48BF14
:1073400042F4807240F4000C41F400002CF07F41C4
:1073500020F07F4000B58142A2EB03020FF2081C2F
:10736000ACEB504EC0F100009EF800E04FEA4E0E2C
:1073700000FB0EFC38BF49004FEA2C1C02F5FA0254
:107380000CFB0EF34FEACE1E4FEA112C4FEAC1213F
:107390000EEB635E42EB22420EFB0CFC4FEA1C53E9
:1073A00000FB03114FEA112C4FEA01310EFB0CFCDC
:1073B0004FEADC4C00FB0C11C14228BF09184CEB12
:1073C00003335DF804EB10EB410143EBC250B2F51F
:1073D0007C0F38BF704729D512F0F00F1CBF00F1A9
:1073E000C04000F00040704700818283848586871A
:1073F00088898B8C8D8E8F919293959697999A9C74
:107400009D9FA0A2A3A5A7A8AAACAEB0B2B3B5B7E2
:10741000B9BCBEC0C2C5C7C9CCCED1D4D7D9DCDFB8
:10742000E2E6E9ECF0F3F7FAFE0000004FEA400C68
:107430000CF1807CBCF17E4F28BF7047B0F1C0409A
:1074400000F05FB990EA010F0CEAD11348BF42F493
:107450008072624538BF634507D213F47F0F16D0A0
:1074600080EA010000F00040704710B500F003F919
:10747000097EFC3E00F005B880EA010000F0004003
:10748000704780EA010000F0004000F03AB912F4C1
:107490007F0F04BF0248704780EA010000F031B955
:1074A0000000C07F41000B0ED3F19E0208D950F4BA
:1074B00000034FEA032323FA02F048BF404270471B
:1074C00010B500F0D8F800BF499224800020704722
:1074D0006FF0004282EA200070470000C10DD1F138
:1074E0009E0206DB4FEA002343F0004323FA02F03A
:1074F0007047004207D54FEA4001B1F1FE4F02D27A
:107500004FF00000704710B500F0B5F849922480A4
:10751000002070476FEA20007047000010F0004123
:1075200048BF4042B0FA80F310FA03F2C3F19D0362
:107530000BD051EAC35101EB1220530638BF7047FC
:1075400000F1010008BF20F001007047B0FA80F39D
:1075500010FA03F2C3F19D030AD0D90501EB122002
:10756000530638BF704700F1010008BF20F001004A
:10757000704700004FF47F0C1CEAD0121EBF1CEABB
:10758000D11392EA0C0F93EA0C0F00F0478090EAB7
:10759000010F48BF42F480724FF0004C4CEA0020CB
:1075A0004CEA012102EB0302A0FB0113A2F5000249
:1075B000002918BF43F001035B0028BF4FEA3303E3
:1075C00042EB22425FEA132C4CEBC2502EBFBCEBC5
:1075D000436FB2F57C0F70474FEA036CBCF1004F6C
:1075E00008BF20F00100B2F57C0F38BF70470BD503
:1075F00082F0FF0212F5803FC8BF704700F1C04023
:10760000D8BF00F00040704700F5000C5FEA4C0C5A
:1076100048BF7047B0F1C04000F073B890EA010F66
:107620000CEAD11348BF42F48072624538BF63450B
:1076300004D280EA010000F00040704710B500F06D
:107640001AF800BF8900013E00F007B800F009B841
:107650005FEA410C5FEA1C6C08D080EA010000F090
:1076600050B85FEA400C5FEA1C6CF6D14FF0004066
:10767000A0F5800070470EF1020E2EF0030E5EF8AA
:10768000044B244204D44FEA4102B2F17F4F11D897
:107690004FEA4003B3F17F4F0CD80ED14FEAD07CB4
:1076A000B2F17F4F0CEB4C0C0CF1020C08BF4CEB11
:1076B000D17C04E04FF0080C01E04FEAD17C0CEBE8
:1076C0004C0324FA03F404F00704B4F1040C06D2CA
:1076D0000EEB840CBDE810404CF0010C6047DFE875
:1076E0000CF0070802024FF00040A0F5800010BD2A
:1076F0000846420018BFD2F1807288BF00F00040F7
:1077000010BDFF2141EAD050C005704780F0004015
:1077100090EA010F7FF5A3AD81F0004100F007B8BA
:1077200090EA010F48BF81F000413FF598AD421A41
:1077300004D882F00042A0EB020011444FEAD0527C
:107740004FF07F4C1CEA410FA2EBD15318BF9CEACB
:10775000026F4AD04FF0004C4CEA00204CEA012165
:1077600021FA03FCB0EB0C0C0FD412F0FE0F36D054
:107770005FEA4C001DD5001240EBC25038BF704785
:107780001CF03F0F18BF70470BE0A2F101025FEA47
:107790001C2040EBC25038BF70471CF07F0F18BF51
:1077A0007047C3F12003994014BF401E20F0010030
:1077B000704780084FEA122308BF7047B0FA80FC78
:1077C000A2EB0C02CCF1280C60FA0CF093EA122F19
:1077D00004BF00EBC25070474FEAC3707047130AF2
:1077E0005FEADC1008BF7047F6E79CEA026F04D03E
:1077F00010EA5C0F08BF0020704710B5FFF73BFF91
:1078000040DFF63E81F000407047F8F7FABF0CF019
:107810000F03092B08BF082000F07F800A2B0BD034
:10782000082B18BF704708BF1CF0400F0AD04FF05C
:1078300000004FF0000170471CF0400F18BF4FF0E0
:10784000004070471CF0100F08D020F0704300F08B
:107850007F4242EAD3014FEA4370704700F0604034
:1078600021F07F4242EA000201F07F4040EA72705C
:1078700070474FF0FF0C4CF4E06C1CEA11531CBF36
:107880009CEA030C9445C2BFDA4201EB02517047F7
:10789000002B0DD0BCF1000F0FD0002A01F00041E9
:1078A000A4BF41F0E04141F07F614FF0000070471C
:1078B00001F000414FF00000704750EA01334FF0F3
:1078C0009B0C18BF4CF0806C7FF400A870474FF001
:1078D000FF0212EAD0521CBF92F0FF038B42C2BFDC
:1078E000D14200EBC1507047002A0AD0002B0BD0C8
:1078F000002900F00040A4BF40F0FE4040F400002A
:10790000704700F00040704743024FF00B0C18BF67
:107910004CF0806C7FF4FEAC70471CF4801F11D0DB
:107920001CF4E02F03D06FEACC31490070474FF0D0
:107930004050EFF3008222F0704242EA000282F3EC
:10794000008870474FF00000704700000000000002
:107950000000002F000000000700070000147F1443
:107960007F1400242A7F2A12006264081323003641
:107970004955225000000503000000001C22410070
:10798000000041221C000014083E08140008083EB4
:107990000808000000A060000008080808080000AF
:1079A00060600000002010080402003E5149453E7E
:1079B0000000427F4000004261514946002141459C
:1079C0004B31001814127F10002745454539003C03
:1079D0004A494930000171090503003649494936D1
:1079E00000064949291E00003636000000005636C0
:1079F00000000008142241000014141414140000A4
:107A00004122140800020151090600324959513E31
:107A1000007C1211127C007F49494936003E4141E9
:107A20004122007F4141221C007F49494941007F9A
:107A300009090901003E4149497A007F0808087F89
:107A40000000417F4100002040413F01007F0814B9
:107A50002241007F40404040007F020C027F007FB7
:107A60000408107F003E4141413E007F090909069C
:107A7000003E4151215E007F0919294600464949CF
:107A800049310001017F0101003F4040403F001F9C
:107A90002040201F003F4038403F0063140814631B
:107AA00000070870080700615149454300007F4105
:107AB000410000552A552A55000041417F0000042D
:107AC0000201020400404040404000000102040066
:107AD000002054545478007F4844443800384444CB
:107AE000442000384444487F003854545418000857
:107AF0007E0901020018A4A4A47C007F0804047875
:107B00000000447D4000004080847D00007F1028FC
:107B100044000000417F4000007C04180478007C91
:107B20000804047800384444443800FC2424241811
:107B30000018242418FC007C08040408004854544D
:107B4000542000043F444020003C4040207C001C66
:107B50002040201C003C4030403C00442810284479
:107B6000001CA0A0A07C004464544C4414141414C1
:107B700014140000000000000000000000000000DD
:107B80000000000000F8000000000000003330009A
:107B9000000000100C06100C0600000000000000A1
:107BA000000040C07840C0784000043F04043F0417
:107BB0000400007088FC08300000001820FF211E1F
:107BC0000000F008F000E018000000211C031E2156
:107BD0001E0000F00888700000001E2123241927D1
:107BE000211010160E000000000000000000000030
:107BF0000000000000E01804020000000007182048
:107C0000400000020418E0000000004020180700B7
:107C10000000404080F0804040000202010F01025D
:107C20000200000000F0000000000101011F01013E
:107C30000100000000000000000080B070000000A3
:107C4000000000000000000000000001010101012F
:107C500001010000000000000000003030000000C2
:107C60000000000000008060180400601806010099
:107C7000000000E010080810E000000F10202010A5
:107C80000F00001010F8000000000020203F20200E
:107C900000000070080808887000003028242221A5
:107CA000300000300888884830000018202020115B
:107CB0000E000000C02010F8000000070424243F3C
:107CC000240000F8088888080800001921202011E5
:107CD0000E0000E0108888180000000F112020110D
:107CE0000E0000380808C83808000000003F0000F7
:107CF00000000070880808887000001C22212122E2
:107D00001C0000E010080810E000000031222211E1
:107D10000F00000000C0C000000000000030300074
:107D200000000000008000000000000080600000F3
:107D3000000000008040201008000001020408102C
:107D4000200040404040404040000404040404043B
:107D500004000008102040800000002010080402E9
:107D60000100007048080808F000000000303601EB
:107D70000000C030C828E810E000071827242314AA
:107D80000B000000C038E0000000203C2302022766
:107D9000382008F8888888700000203F20202011B3
:107DA0000E00C030080808083800071820202010EE
:107DB000080008F808080810E000203F20202010E4
:107DC0000F0008F88888E8081000203F20202320B2
:107DD000180008F88888E8081000203F20000300F9
:107DE0000000C03008080838000007182020221EB4
:107DF000020008F808000008F808203F21010121CE
:107E00003F20000808F8080800000020203F20203C
:107E1000000000000808F8080800C08080807F008B
:107E2000000008F888C028180800203F20012638E4
:107E3000200008F8080000000000203F202020203B
:107E4000300008F8F800F8F80800203F003F003F35
:107E5000200008F830C00008F808203F200007186C
:107E60003F00E01008080810E0000F10202020104C
:107E70000F0008F808080808F000203F2101010160
:107E80000000E01008080810E0000F182424385003
:107E90004F0008F8888888887000203F2000030C75
:107EA000302000708808080838000038202121227E
:107EB0001C00180808F8080818000000203F2000DF
:107EC000000008F808000008F808001F2020202003
:107ED0001F000878880000C83808000007380E0125
:107EE0000000F80800F80008F800033C0700073C11
:107EF0000300081868808068180820302C03032CC1
:107F000030200838C800C83808000000203F200092
:107F1000000010080808C838080020382621202052
:107F20001800000000FE020202000000007F404036
:107F30004000000C30C000000000000000010638C6
:107F4000C00000020202FE000000004040407F002E
:107F50000000000004020202040000000000000013
:107F60000000000000000000000080808080808011
:107F700080800002020400000000000000000000F9
:107F8000000000008080808000000019242222224E
:107F90003F2008F8008080000000003F11202011E1
:107FA0000E000000008080800000000E11202020C4
:107FB0001100000000808088F800000E11202010C1
:107FC0003F200000808080800000001F22222222AB
:107FD0001300008080F0888888180020203F20202F
:107FE00000000000808080808000006B9494949357
:107FF000600008F8008080800000203F2100002001
:108000003F2000809898000000000020203F2020A2
:108010000000000000809898000000C08080807FF1
:10802000000008F8000080808000203F24022D30EE
:108030002000000808F8000000000020203F202059
:1080400000008080808080808000203F20003F20D2
:10805000003F8080008080800000203F21000020C1
:108060003F200000808080800000001F2020202012
:108070001F00808000808000000080FFA120201170
:108080000E000000008080808000000E112020A0E3
:10809000FF80808080008080800020203F212000A1
:1080A000010000008080808080000033242424248C
:1080B0001900008080E0808000000000001F202068
:1080C00000008080000000808000001F2020201021
:1080D0003F20808080000080808000010E300806F4
:1080E000010080800080008080800F300C030C3005
:1080F0000F0000808000808080000020312E0E3133
:108100002000808080000080808080818E70180632
:10811000010000808080808080000021302C22219E
:10812000300000000000807C020200000000003FE0
:1081300040400002027C800000000040403F000000
:10814000000000000000FF00000000000000FF0031
:1081500000002010E824272424E424342C20E0000C
:10816000000000000000000000000000000000000F
:10817000000080601F090909097F090949897F00FA
:1081800000000000000000000000000000000000EF
:1081900000000000FC242424FC252624FC242424A4
:1081A00004000000000000000000000000000000CB
:1081B000000040308F80844C55252525554C80800B
:1081C000800000000000000000000000000000002F
:1081D0000000008060F80704E4A4A4BFA4A4E404A1
:1081E000000000000000000000000000000000008F
:1081F0000000010000FF40407F4A4A4A4A4A7F404F
:10820000400000000000000000000000000000002E
:1082100000000000F888888888FF88888888F8002F
:10822000000000000000000000000000000000004E
:10823000000000001F080808087F888888889F8041
:10824000F00000000000000000000000000000003E
:1082500000000000FE0282828282FA828282828292
:10826000020000000000000000000000000000000C
:10827000000080601F40404040407F4040445840E4
:1082800040000000000000000000000000000000AE
:108290000000008060F80704E4A4A4BFA4A4E404E0
:1082A00000000000000000000000000000000000CE
:1082B0000000010000FF40407F4A4A4A4A4A7F408E
:1082C000400000000000000000000000000000006E
:1082D000000000000000000000000000000000009E
:1082E000000000000000000000000000000000008E
:1082F0000000000036360000000000000000000012
:10830000000000000000000000000000000000006D
:10831000000075191A0C6A231B1C1F207274433B42
:108320004138393A6B6C376F06246D6E7000680007
:10833000000476005401F7FD0001000083000000F6
:108340000008000000010018320005000000204174
:108350000000D242295C0F3E9A99993E3333733F15
:10836000295C0F3E000070000000002400000002A5
:108370000003000000650054FFEF0000FA80000BCE
:1083800012820001030C30C30E8C8CE914D540021C
:1083900013710F8E3883F8833000F883258EF883AD
:1083A0003000F883FFFFFFFF0FFEA9D62400040072
:1083B0001A8279A10000003CFFFF000000100000BD
:1083C00038836FA2003E03304000000002CAE30978
:1083D0003E8000002000000000000000400000007F
:1083E00060000000000C0000000C186E00000692F7
:1083F0000A16C0DFFFFF0256FD8CD377FFE1C4965B
:10840000E0C5BEAA00000000FFFF0B2B00001657BE
:10841000000003594000000000001DFA00026C1D1E
:10842000000000003FFFDFEB003EB3B6000D2278F6
:1084300000002F3C00000000001942B5000039A2E6
:108440000000B365D90E9FC91DCF4C343000000029
:10845000500000003BB67AE80064000000C800004D
:1084600000000000100000001000FA921000225ED0
:10847000000D229F0001000000320000FF460000B6
:1084800063D400001000000004D6000004CC0000FB
:1084900004CC00000000107200000040000000004A
:1084A00000000000000600020005000700000000B8
:1084B00000640000000000000000000500050064EA
:1084C000002000000000000000000000000040004C
:1084D0000000030000000032F8980000FF65000073
:1084E000830F0000FF9BFC00000000000000000064
:1084F000000000000000000000000000000000007C
:10850000000000000000000000000000000000006B
:108510000000100040000000000000060000B26AE9
:10852000000200000001FB830068000000D9FC008D
:108530007CF1FF830000000000650000006403E898
:1085400000640028000000250000000016A00000C4
:108550000000100000001000002F0000000001F4D7
:108560000000100000280000FFFF4581FFFFFA72A5
:108570000000000000000000004400050005BAC62D
:10858000004778A200000001000000000000060083
:10859000000000140000254D002F706D000005AE96
:1085A000000C02D0000000000000000000000000ED
:1085B00000000000001B00000000000000000000A0
:1085C000000000000064000000080000000000003F
:1085D000000000000000000000000000000000009B
:1085E000000000000000000000000000000000008B
:1085F000000000000000000000000000000000007B
:10860000000000000000000000000000000000006A
:10861000000000000000000000000000000000005A
:1086200000000000001B000000000000000000002F
:10863000000E000E00000AC7000400000000003217
:10864000FFFFFF9C00000B2B000000020000000158
:1086500000000064FFE500000000000000000000D2
:108660000000000000000001000000000001000008
:108670000000000000018000000180000001800077
:10868000002426D3000000000000000000060010B7
:108690000096003C00000000000000000000000008
:1086A000000000000C0A4E68CDCF770950166759BC
:1086B000C619CE820000000000000000000000008B
:1086C00000000000000000000000000017D7840038
:1086D000030000000000000000000000C7938F9D11
:1086E0001E1B1C190000000000000000000000001C
:1086F00000000000000000000000000002031885D8
:108700000000400000000003000000030000000023
:108710000000000040000000000000000000000019
:108720000000000000000000000000000000000049
:108730000000000000000000000000000000000039
:108740000000000000000000677DDF7E72902E5563
:108750004CF6E68800000000000000000000000069
:1087600000000000D8DCB4B8B0D8B9ABF3F8FAB365
:10877000B7BB8E9EAEF132F51BF1B4B8B08097F165
:10878000A9DFDFDFAADFDFDFF2AAC5CDC7A90CC9E9
:108790002C97F1A989264666B28999A92D557DB0F5
:1087A000B08AA896365676F1BAA3B4B280C0B8A8FB
:1087B0009711B28398BAA3F0240844106418B2B990
:1087C000B49883F1A329557DBAB5B1A38393F00082
:1087D0002850F5B2B6AA839328547CF1B9A38293AA
:1087E00061BAA2DADEDFDB819AB9AEF5606870F1BA
:1087F000DABAA2DFD9BAA2FAB9A38292DB31BAA25D
:10880000D9BAA2F8DF85A4D0C1BBAD83C2C5C7B8B1
:10881000A2DFDFDFBAA0DFDFDFD8D8F1B8AAB38DDF
:10882000B4980D355DB2B6BAAF8C96198F9FA70E6E
:10883000161EB49AB8AA872C547CBAA4B08AB691F2
:10884000325676B28494A4C808CDD8B8B4B0F199A1
:1088500082A82D557D98A80E161EA22C547C92A499
:10886000F02C5078F184A898C4CDFCD80DDBA8FC7E
:108870002DF3D9BAA6F8DABAA6DED8BAB2B6869679
:10888000A6D0F3C841DAA6C8F8D8B0B4B882A89286
:10889000F52C548898F135D9F418D8F1A2D0F8F90C
:1088A000A884D9C7DFF8F883C5DADF69DF83C1D8C8
:1088B000F40114F1A8824EA884F311D182F5D99263
:1088C000289788F109F41C1CD884A8F3C0F9D1D9E1
:1088D0009782F129F40DD8F3F9F9D1D982F4C203C2
:1088E000D8DEDF1AD8F1A2FAF9A88498D9C7DFF840
:1088F000F8F883C7DADF69DFF883C3D8F40114F12D
:1089000098A8822EA884F311D182F5D99250978825
:10891000F109F41CD884A8F3C0F8F9D1D99782F1F1
:1089200049F40DD8F3F9F9D1D982F4C403D8DEDFC4
:10893000D8F1AD8898CCA809F9D98292A8F57CF134
:10894000883ACF944A6E98DB6931DAADF2DEF9D815
:108950008795A8F221D1DAA5F9F417D9F1AE8ED016
:10896000C0C3AE82C684C3A88595C8A588F2C0F1ED
:10897000F4010EF18E9EA8C63E56F554F18872F4AD
:108980000115F19845856EF58E9E0488F142985A3E
:108990008E9E068869F4011CF1981E1108D0F5041A
:1089A000F11E970202983625DBF9D985A5F3C1DAC5
:1089B00085A5F3DFD88595A8F309DAA5FAD88292C0
:1089C000A8F578F1881A849F26889821DAF41DF397
:1089D000D8879F39D1AFD9DFDFFBF9F40CF3D8FA90
:1089E000D0F8DAF9F9D0DFD9F9D8F40BD8F3879FAA
:1089F00039D1AFD9DFDFF41DF3D8FAFCA869F9F952
:108A0000AFD0DADEFAD9F88F9FA8F1CCF398DB4526
:108A1000D9AFDFD0F8D8F18F9FA8CAF38809DAAFB1
:108A20008FCBF8D8F2AD978D0CD9A5DFF9BAA6F3A4
:108A3000FAF412F2D8950DD1D9BAA6F3FADAA5F262
:108A4000C1BAA6F3DFD8F1BAB2B68696A6D0CAF3F9
:108A500049DAA6CBF8D8B0B4B8D8AD84F2C0DFF10B
:108A60008FCBC3A8B2B68696C8C1CBC3F3B0B488C7
:108A700098A821DB718D9D71859521D9ADF2FAD829
:108A80008597A828D9F408D8F28D29DAF405D9F207
:108A900085A4C2F2D8A88D9401D1D9F411F2D88757
:108AA00021D8F40AD8F28498A8C801D1D9F411D8F1
:108AB000F3A4C8BBAFD0F2DEF8F8F8F8F8F8F8F88D
:108AC000D8F1B8F6B5B9B08A95A3DE3CA3D9F8D8E9
:108AD0005CA3D9F8D87CA3D9F8D8F8F9D1A5D9DF07
:108AE000DAFAD8B18530F7D9DED8F830ADDADED889
:108AF000F2B48C99A32D557DA083DFDFDFB591A063
:108B0000F629D9FBD8A0FC29D9FAD8A0D051D9F898
:108B1000D8FC51D9F9D879D9FBD8A0D0FC79D9FAA9
:108B2000D8A1F9F9F9F9F9A0DADFDFDFD8A1F8F86F
:108B3000F8F8F8ACDEF8ADDE8393AC2C547CF1A8E9
:108B4000DFDFDFF69D2CDAA0DFD9FADB2DF8D8A81D
:108B500050DAA0D0DED9D0F8F8F8DB55F8D8A878EC
:108B6000DAA0D0DFD9D0FAF8F8F8F8DB7DF8D89C95
:108B7000A88CF530DB38D9D0DEDFA0D0DEDFD8A876
:108B800048DB58D9DFD0DEA0DFD0DED8A868DB70A4
:108B9000D9DFDFA0DFDFD8F1A888902C547C98A81B
:108BA000D05C38D1DAF2AE8CDFF9D8B087A8C1C179
:108BB000B188A8C6F9F9DA36D8A8F9DA36D8A8F90A
:108BC000DA36D8A8F9DA36D8A8F9DA36D8F78D9D8A
:108BD000ADF818DAF2AEDFD8F7ADFA30D9A4DEF985
:108BE000D8F2AEDEFAF983A7D9C3C5C7F1889BA72F
:108BF0007AADF7DEDFA4F8849408A797F300AEF20D
:108C00009819A488C6A39488F632DFF28393DB090F
:108C1000D9F2AADFD8D8AEF8F9D1DAF3A4DEA7F1F9
:108C2000889B7AD8F38494AE19F9DAAAF1DFD8A830
:108C300081C0C3C5C7A39283F628ADDED9F8D8A3F7
:108C400050ADD9F8D8A378ADD9F8D8F8F9D1A1DAD0
:108C5000DEC3C5C7D8A18194F818F2B089ACC3C5EA
:108C6000C7F1D8B8B4B09786A8319B069907AB97DF
:108C700028889BF00C201440B0B4B8F0A88A9A2839
:108C80005078B79BA82951792470594469386448B1
:108C900031F1BBAB88002C547CF0B38BB8A804280E
:108CA0005078F1B088B49726A85998BBABB38B0223
:108CB000264666B0B8F08A9CA82951798B2951794B
:108CC0008A2470598B2058718A4469388B394068DE
:108CD0008A6448318B30496088F1AC002C547CF0B8
:108CE0008CA804285078F1889726A85998AC8C0253
:108CF000264666F0899CA829517924705944693820
:108D0000644831A98809205970AB11384069A81905
:108D10003148608CA83C415C207C00F18798198622
:108D2000A86E767EA999882D557DD8B1B5B9A3DFF7
:108D3000DFDFAED0DFAAD0DEF2ABF8F9D9B087C45E
:108D4000AAF1DFDFBBAFDFDFB9D8B1F1A3978E6047
:108D5000DFB084F2C8F8F9D9DED89385F14AB1833F
:108D6000A308B5839A0810B79F10D8F1B0BAAEB077
:108D70008AC2B2B68E9EF1FBD9F41DD8F9D90CF196
:108D8000D8F8F8AD61D9AEFBD8F40CF1D8F8F8AD4D
:108D900019D9AEFBDFD8F416F1D8F8AD8D61D9F44E
:108DA000F4ACF59C9C8DDF2BBAB6AEFAF8F40BD878
:108DB000F1AED0F8AD51DAAEFAF8F1D8B9B1B6A348
:108DC000839C08B9B1839AB5AAC0FD3083B79F10C0
:108DD000B58B93F20202D1ABDADED8F1B080BAAB38
:108DE000C0C3B284C1C3D8B1B9F38BA391B609B4DF
:108DF000D9ABDEB0879CB9A3DDF1B38B8B8B8B8BAA
:108E0000B087A3A3A3A3B28BB69BF2A3A3A3A3A3F0
:108E1000A3A3A3A3A3F1B087B59AA3F39BA3A3DC59
:108E2000BAACDFB9A3A3A3A3A3A3A3A3A3A3A3A3A0
:108E3000A3A3A3A3D8D8D8BBB3B7F1AAF9DAFFD9B3
:108E4000809AAA28B48098A720B79787A86688F048
:108E50007951F1902C870CA781976293F071716022
:108E600085940129517990A5F1284C6C870C9518AF
:108E70008578A38390284C6C886CD8F3A28200F28A
:108E800010A8921980A2F2D926D8F188A84DD94805
:108E9000D896A83980D93CD89580A839A68698D983
:108EA0002CDA87A72CD8A8899519A980D938D8A8F1
:108EB0008939A980DA3CD8A82EA83990D90CD8A82D
:108EC000953198D90CD8A809D9FFD801DAFFD895DF
:108ED00039A9DA26FFD890A80D8999A81080982181
:108EE000DA2ED88999A83180DA2ED8A886963180D2
:108EF000DA2ED8A8873180DA2ED8A88292F3418062
:108F0000F1D92ED8A882F31980F1D92ED882ACF3EA
:108F1000C0A28022F1A62EA72EA92298A829DAACF9
:108F2000DEFFD8A2F22AF1A92E8292A8F23180A601
:108F300096F1D900AC8C9C0C30ACDED0DEFFD88C26
:108F40009CACD010ACDE8092A2F24C82A8F1CAF2A6
:108F500035F19688A6D900D8F1FF01020203040575
:108F6000060708090A0B0C0D0E0F10100000000078
:108F700000000000010203040607080900000000C9
:108F80000102030400000000555555555555C53FD5
:108F90007D6FEB0312D6D4BF5544880E55C1C93F2F
:108FA0003B8F68B52882A4BF88B20175E0EF493FC6
:108FB00009F7FD0DE13D023F4B2D8A1C273A03C006
:108FC000C88A599CE52A004059018D1B6C06E6BFF2
:108FD00082922EB1C5B8B33F4FBB610567ACDD3F90
:108FE000182D4454FB21E93F9BF681D20B73EF3FD0
:108FF000182D4454FB21F93FE2652F227F2B7A3C48
:10900000075C143326A6813CBDCBF07A8807703C00
:10901000075C143326A6913CC4EB98999999C9BF73
:10902000711623FEC671BCBF6D9A74AFF2B0B3BFA8
:109030009AFDDE522DDEADBF2F6C6A2C44B4A2BF68
:109040000D5555555555D53FFF8300922449C23FD4
:109050006E204CC5CD45B73F513DD0A0660DB13F08
:10906000EB0D76244B7BA93F11DA22E33AAD903F1A
:10907000000000000000000002400000000000A00E
:109080000000000005400000000000C800000000D3
:109090000C4000000000409C00000000194000004F
:1090A0000020BCBE0000000034400000BFC91B8E81
:1090B00000000004B5400000504BCFD06607E2CF5F
:1090C000010000006C4100003E8251AADFEEA7348F
:1090D00001000000D9420000DCB5A0E23A301F9741
:1090E000FFFFFFFFB4450000FD25A0C8E9A3C14F65
:1090F000FFFFFFFFFF3F00000000008000000000B6
:10910000FF3F0000000000800000000048910008C0
:1091100000000020D4000000280100081C92000874
:10912000D400002044080000440100081C00000096
:1091300043000000F8FFFFFF0C0000000E000000DD
:109140000F0000002E000000AE001040B081FFA113
:10915000A6A83FC8D300D580D805D9F1DA12D830F7
:109160008D14AF00128300082E8300080000000059
:1091700000000000000000000000000000000000EF
:109180000000000000000000000000003C83000818
:1091900001000000010000000100000000000000CC
:1091A00000000000000000000000000000000000BF
:1091B00000000000000000009AD9EEC39A9919BF80
:1091C0009A99993F6F1203BCCDCCCC3D00000000B2
:1091D00000000000CDCCCC3E0000000000000000EC
:1091E000000000000000000000000000000000007F
:1091F000000000000000000000000000000000006F
:10920000000000000000000000000000010000005D
:0C92100010000000000000000024F4002A
:04000005080000ED02
:00000001FF
